millis,Pressure,Pitch,Roll,DrawWire,Rot.Pos,LinMassPos,yaw,
649206,138,-4.41,-3.93,303,417,543,348.65, 
1.51,,,,,,,,
649338,138,-4.41,-3.93,303,400,543,348.66, 
1.51,,,,,,,,
649364,138,-4.41,-3.93,303,390,543,348.66, 
1.51,,,,,,,,
649446,138,-4.41,-3.93,303,378,543,348.67, 
1.51,,,,,,,,
649462,138,-4.41,-3.93,303,370,543,348.67, 
1.51,,,,,,,,
649480,138,-4.41,-3.93,303,362,543,348.68, 
1.51,,,,,,,,
649505,138,-4.41,-3.93,303,356,543,348.68, 
1.51,,,,,,,,
649522,138,-4.41,-3.93,303,349,543,348.68, 
1.51,,,,,,,,
649538,138,-4.41,-3.93,303,344,543,348.68, 
1.51,,,,,,,,
649554,138,-4.41,-3.93,303,340,543,348.68, 
1.51,,,,,,,,
649581,138,-4.41,-3.93,303,335,543,348.7, 
1.51,,,,,,,,
649597,138,-4.41,-3.93,303,331,543,348.7, 
1.51,,,,,,,,
649614,138,-4.41,-3.93,303,328,543,348.7, 
1.51,,,,,,,,
649639,138,-4.41,-3.93,303,325,543,348.7, 
1.51,,,,,,,,
649656,138,-4.41,-3.93,303,321,543,348.7, 
1.51,,,,,,,,
649673,138,-4.39,-3.93,303,320,543,348.71, 
1.51,,,,,,,,
649690,138,-4.39,-3.93,303,319,543,348.71, 
1.51,,,,,,,,
649715,138,-4.39,-3.93,303,317,543,348.71, 
1.51,,,,,,,,
649762,138,-4.39,-3.93,303,317,543,348.71, 
1.51,,,,,,,,
649788,138,-4.41,-3.93,303,315,543,348.72, 
1.51,,,,,,,,
649814,138,-4.41,-3.93,303,313,543,348.72, 
1.51,,,,,,,,
649830,138,-4.41,-3.93,303,312,543,348.72, 
1.51,,,,,,,,
649846,138,-4.41,-3.93,303,308,543,348.72, 
1.51,,,,,,,,
649874,138,-4.39,-3.93,303,311,543,348.73, 
1.51,,,,,,,,
649889,138,-4.39,-3.93,303,310,543,348.73, 
1.51,,,,,,,,
649906,138,-4.39,-3.93,303,309,543,348.73, 
1.51,,,,,,,,
649921,138,-4.39,-3.93,303,308,543,348.73, 
1.51,,,,,,,,
649947,138,-4.39,-3.93,303,305,543,348.73, 
1.51,,,,,,,,
649963,138,-4.39,-3.93,303,307,543,348.73, 
1.51,,,,,,,,
649979,138,-4.39,-3.93,303,306,543,348.74, 
1.51,,,,,,,,
650005,138,-4.39,-3.93,303,306,543,348.74, 
1.51,,,,,,,,
650021,138,-4.39,-3.93,303,305,543,348.74, 
1.51,,,,,,,,
650038,138,-4.39,-3.93,303,305,543,348.74, 
1.51,,,,,,,,
650054,138,-4.39,-3.93,303,305,543,348.74, 
1.51,,,,,,,,
650081,138,-4.41,-3.93,303,304,543,348.74, 
1.51,,,,,,,,
650097,138,-4.41,-3.93,303,304,543,348.74, 
1.51,,,,,,,,
650114,138,-4.41,-3.93,303,304,543,348.74, 
1.51,,,,,,,,
650140,138,-4.41,-3.93,303,304,543,348.74, 
1.51,,,,,,,,
650157,138,-4.41,-3.93,303,300,543,348.74, 
1.51,,,,,,,,
650174,138,-4.41,-3.93,303,304,543,348.76, 
1.51,,,,,,,,
650200,138,-4.41,-3.93,303,304,543,348.76, 
1.51,,,,,,,,
650216,138,-4.41,-3.93,303,303,543,348.76, 
1.51,,,,,,,,
650260,138,-4.41,-3.93,303,305,543,348.76, 
1.51,,,,,,,,
650286,138,-4.41,-3.93,303,305,543,348.77, 
1.51,,,,,,,,
650312,138,-4.41,-3.93,303,304,543,348.77, 
1.51,,,,,,,,
650329,138,-4.41,-3.93,303,303,543,348.77, 
1.51,,,,,,,,
650345,138,-4.41,-3.93,303,300,543,348.77, 
1.51,,,,,,,,
650372,138,-4.41,-3.93,303,304,543,348.78, 
1.51,,,,,,,,
650388,138,-4.41,-3.93,303,303,543,348.78, 
1.51,,,,,,,,
650404,138,-4.41,-3.93,303,303,543,348.78, 
1.51,,,,,,,,
650430,138,-4.41,-3.93,303,303,543,348.78, 
1.51,,,,,,,,
650446,138,-4.41,-3.93,303,303,543,348.78, 
1.51,,,,,,,,
650463,138,-4.41,-3.93,303,303,543,348.78, 
1.51,,,,,,,,
650480,138,-4.41,-3.93,303,303,543,348.79, 
1.51,,,,,,,,
650513,138,-4.41,-3.93,303,303,543,348.79, 
1.51,,,,,,,,
650529,138,-4.41,-3.93,303,302,543,348.79, 
1.51,,,,,,,,
650546,138,-4.41,-3.93,303,302,543,348.79, 
1.51,,,,,,,,
650572,138,-4.41,-3.93,303,302,543,348.79, 
1.51,,,,,,,,
650589,138,-4.41,-3.93,303,302,543,348.79, 
1.51,,,,,,,,
650605,138,-4.41,-3.93,303,302,543,348.79, 
1.51,,,,,,,,
650631,138,-4.41,-3.93,303,302,543,348.79, 
1.51,,,,,,,,
650647,138,-4.41,-3.93,303,302,543,348.79, 
1.51,,,,,,,,
650664,138,-4.41,-3.93,303,302,543,348.79, 
1.51,,,,,,,,
650681,138,-4.41,-3.93,303,302,543,348.8, 
1.51,,,,,,,,
650706,138,-4.41,-3.93,303,302,543,348.8, 
1.51,,,,,,,,
650723,138,-4.41,-3.93,303,301,543,348.8, 
1.51,,,,,,,,
650768,138,-4.41,-3.93,303,303,543,348.8, 
1.51,,,,,,,,
650803,138,-4.41,-3.93,303,303,543,348.83, 
1.51,,,,,,,,
650819,138,-4.41,-3.93,303,303,543,348.83, 
1.51,,,,,,,,
650835,138,-4.41,-3.93,303,302,543,348.83, 
1.51,,,,,,,,
650852,138,-4.41,-3.93,303,301,543,348.83, 
1.51,,,,,,,,
650878,138,-4.42,-3.93,303,303,543,348.84, 
1.51,,,,,,,,
650895,138,-4.42,-3.93,303,302,543,348.84, 
1.51,,,,,,,,
650911,138,-4.42,-3.93,303,302,543,348.84, 
1.51,,,,,,,,
650937,138,-4.42,-3.93,303,302,543,348.84, 
1.51,,,,,,,,
650953,138,-4.42,-3.93,303,298,543,348.84, 
1.51,,,,,,,,
650971,138,-4.42,-3.93,303,302,543,348.85, 
1.51,,,,,,,,
650997,138,-4.42,-3.93,303,302,543,348.85, 
1.51,,,,,,,,
651014,138,-4.42,-3.93,303,302,543,348.85, 
1.51,,,,,,,,
651030,138,-4.42,-3.93,303,302,543,348.85, 
1.51,,,,,,,,
651046,138,-4.42,-3.93,303,297,543,348.85, 
1.51,,,,,,,,
651073,138,-4.42,-3.93,303,303,543,348.86, 
1.51,,,,,,,,
651088,138,-4.42,-3.93,303,302,543,348.86, 
1.51,,,,,,,,
651105,138,-4.42,-3.93,303,303,543,348.86, 
1.51,,,,,,,,
651130,138,-4.42,-3.93,303,302,543,348.86, 
1.51,,,,,,,,
651146,138,-4.42,-3.93,303,302,543,348.86, 
1.51,,,,,,,,
651162,138,-4.42,-3.93,303,300,543,348.86, 
1.51,,,,,,,,
651188,138,-4.41,-3.93,303,302,543,348.87, 
1.51,,,,,,,,
651204,138,-4.41,-3.93,303,302,543,348.87, 
1.51,,,,,,,,
651220,138,-4.41,-3.93,303,302,543,348.87, 
1.51,,,,,,,,
651237,138,-4.41,-3.93,303,302,543,348.87, 
1.51,,,,,,,,
651291,138,-4.41,-3.94,303,304,543,348.88, 
1.51,,,,,,,,
651316,138,-4.41,-3.94,303,303,543,348.88, 
1.51,,,,,,,,
651332,138,-4.41,-3.94,303,302,543,348.88, 
1.51,,,,,,,,
651358,138,-4.41,-3.94,303,302,543,348.88, 
1.51,,,,,,,,
651374,138,-4.41,-3.94,303,303,543,348.89, 
1.51,,,,,,,,
651390,138,-4.41,-3.94,303,303,543,348.89, 
1.51,,,,,,,,
651407,138,-4.41,-3.94,303,303,543,348.89, 
1.51,,,,,,,,
651432,138,-4.41,-3.94,303,303,543,348.89, 
1.51,,,,,,,,
651450,138,-4.41,-3.94,303,302,543,348.89, 
1.51,,,,,,,,
651466,138,-4.41,-3.94,303,302,543,348.89, 
1.51,,,,,,,,
651493,138,-4.41,-3.94,303,302,543,348.9, 
1.51,,,,,,,,
651509,138,-4.41,-3.94,303,302,543,348.9, 
1.51,,,,,,,,
651526,138,-4.41,-3.94,303,302,543,348.9, 
1.51,,,,,,,,
651551,138,-4.41,-3.94,303,300,543,348.9, 
1.51,,,,,,,,
651568,138,-4.41,-3.94,303,302,543,348.9, 
1.51,,,,,,,,
651584,138,-4.41,-3.96,303,302,543,348.91, 
1.51,,,,,,,,
651600,138,-4.41,-3.96,303,302,543,348.91, 
1.51,,,,,,,,
651629,138,-4.41,-3.96,303,302,543,348.91, 
1.51,,,,,,,,
651645,138,-4.41,-3.96,303,302,543,348.91, 
1.51,,,,,,,,
651663,138,-4.41,-3.96,303,297,543,348.91, 
1.51,,,,,,,,
651689,138,-4.39,-3.96,303,302,543,348.93, 
1.51,,,,,,,,
651706,138,-4.39,-3.96,303,302,543,348.93, 
1.51,,,,,,,,
651721,138,-4.39,-3.96,303,301,543,348.93, 
1.51,,,,,,,,
651748,138,-4.39,-3.96,303,302,543,348.93, 
1.51,,,,,,,,
651792,138,-4.39,-3.96,303,303,543,348.95, 
1.51,,,,,,,,
651817,138,-4.39,-3.96,303,303,543,348.95, 
1.51,,,,,,,,
651834,138,-4.39,-3.96,303,302,543,348.95, 
1.51,,,,,,,,
651859,138,-4.39,-3.96,303,300,543,348.95, 
1.51,,,,,,,,
651876,138,-4.39,-3.96,303,302,543,348.95, 
1.51,,,,,,,,
651892,138,-4.39,-3.96,303,302,543,348.95, 
1.51,,,,,,,,
651918,138,-4.39,-3.96,303,302,543,348.95, 
1.51,,,,,,,,
651933,138,-4.39,-3.96,303,302,543,348.95, 
1.51,,,,,,,,
651950,138,-4.39,-3.96,303,301,543,348.95, 
1.51,,,,,,,,
651966,138,-4.39,-3.96,303,302,543,348.95, 
1.51,,,,,,,,
651992,138,-4.39,-3.94,303,301,543,348.96, 
1.51,,,,,,,,
652008,138,-4.39,-3.94,303,301,543,348.96, 
1.51,,,,,,,,
652024,138,-4.39,-3.94,303,301,543,348.96, 
1.51,,,,,,,,
652050,138,-4.39,-3.94,303,302,543,348.96, 
1.51,,,,,,,,
652067,138,-4.39,-3.94,303,301,543,348.96, 
1.51,,,,,,,,
652084,138,-4.41,-3.94,303,301,543,348.97, 
1.51,,,,,,,,
652109,138,-4.41,-3.94,303,302,543,348.97, 
1.51,,,,,,,,
652126,138,-4.41,-3.94,303,302,543,348.97, 
1.51,,,,,,,,
652142,138,-4.41,-3.94,303,302,543,348.97, 
1.51,,,,,,,,
652158,138,-4.41,-3.94,303,302,543,348.97, 
1.51,,,,,,,,
652186,138,-4.41,-3.94,303,301,543,348.98, 
1.51,,,,,,,,
652203,138,-4.41,-3.94,303,301,543,348.98, 
1.51,,,,,,,,
652219,138,-4.41,-3.94,303,301,543,348.98, 
1.51,,,,,,,,
652244,138,-4.41,-3.94,303,302,543,348.98, 
1.51,,,,,,,,
652261,138,-4.41,-3.94,303,300,543,348.98, 
1.51,,,,,,,,
652306,138,-4.41,-3.94,303,302,543,348.99, 
1.51,,,,,,,,
652340,138,-4.41,-3.94,303,303,543,348.99, 
1.51,,,,,,,,
652356,138,-4.41,-3.94,303,299,543,348.99, 
1.51,,,,,,,,
652374,138,-4.41,-3.94,303,302,543,348.99, 
1.51,,,,,,,,
652390,138,-4.41,-3.94,303,302,543,349, 
1.51,,,,,,,,
652416,138,-4.41,-3.94,303,302,543,349, 
1.51,,,,,,,,
652432,138,-4.41,-3.94,303,302,543,349, 
1.51,,,,,,,,
652448,138,-4.41,-3.94,303,302,543,349, 
1.51,,,,,,,,
652476,138,-4.41,-3.94,303,302,543,349.02, 
1.51,,,,,,,,
652492,138,-4.41,-3.94,303,301,543,349.02, 
1.51,,,,,,,,
652509,138,-4.41,-3.94,303,302,543,349.02, 
1.51,,,,,,,,
652534,138,-4.41,-3.94,303,302,543,349.02, 
1.51,,,,,,,,
652551,138,-4.41,-3.94,303,302,543,349.02, 
1.51,,,,,,,,
652567,138,-4.41,-3.94,303,297,543,349.02, 
1.51,,,,,,,,
652584,138,-4.41,-3.94,303,303,543,349.04, 
1.51,,,,,,,,
652618,138,-4.41,-3.94,303,302,543,349.04, 
1.51,,,,,,,,
652635,138,-4.41,-3.94,303,302,543,349.04, 
1.51,,,,,,,,
652652,138,-4.41,-3.94,303,302,543,349.04, 
1.51,,,,,,,,
652686,138,-4.39,-3.94,303,303,543,349.05, 
1.51,,,,,,,,
652702,138,-4.39,-3.94,303,302,543,349.05, 
1.51,,,,,,,,
652719,138,-4.39,-3.94,303,302,543,349.05, 
1.51,,,,,,,,
652748,138,-4.39,-3.94,303,302,543,349.05, 
1.51,,,,,,,,
652765,138,-4.39,-3.94,303,297,543,349.05, 
1.51,,,,,,,,
652811,138,-4.39,-3.94,303,304,543,349.06, 
1.51,,,,,,,,
652835,138,-4.39,-3.94,303,304,543,349.06, 
1.51,,,,,,,,
652861,138,-4.39,-3.94,303,300,543,349.06, 
1.51,,,,,,,,
652878,138,-4.39,-3.94,303,303,543,349.07, 
1.51,,,,,,,,
652895,139,-4.39,-3.94,303,303,543,349.07, 
1.51,,,,,,,,
652920,138,-4.39,-3.94,303,303,543,349.07, 
1.51,,,,,,,,
652937,138,-4.39,-3.94,303,302,543,349.07, 
1.51,,,,,,,,
652953,138,-4.39,-3.94,303,302,543,349.07, 
1.51,,,,,,,,
652969,138,-4.39,-3.94,303,303,543,349.07, 
1.51,,,,,,,,
652996,138,-4.39,-3.94,303,302,543,349.08, 
1.51,,,,,,,,
653012,138,-4.39,-3.94,303,302,543,349.08, 
1.51,,,,,,,,
653029,138,-4.39,-3.94,303,302,543,349.08, 
1.51,,,,,,,,
653054,138,-4.39,-3.94,303,302,543,349.08, 
1.51,,,,,,,,
653072,138,-4.39,-3.94,303,302,543,349.08, 
1.51,,,,,,,,
653088,138,-4.39,-3.94,303,302,543,349.09, 
1.51,,,,,,,,
653114,138,-4.39,-3.94,303,302,543,349.09, 
1.51,,,,,,,,
653129,138,-4.39,-3.94,303,302,543,349.09, 
1.51,,,,,,,,
653146,138,-4.39,-3.94,303,302,543,349.09, 
1.51,,,,,,,,
653161,138,-4.39,-3.94,303,302,543,349.09, 
1.51,,,,,,,,
653188,138,-4.41,-3.96,303,302,543,349.1, 
1.51,,,,,,,,
653204,138,-4.41,-3.96,303,301,543,349.1, 
1.51,,,,,,,,
653219,138,-4.41,-3.96,303,301,543,349.1, 
1.51,,,,,,,,
653245,138,-4.41,-3.96,303,302,543,349.1, 
1.51,,,,,,,,
653261,138,-4.41,-3.96,303,298,543,349.1, 
1.51,,,,,,,,
653278,138,-4.41,-3.96,303,302,543,349.11, 
1.51,,,,,,,,
653322,138,-4.41,-3.96,303,304,543,349.11, 
1.51,,,,,,,,
653357,138,-4.41,-3.96,303,301,543,349.11, 
1.51,,,,,,,,
653373,138,-4.41,-3.96,303,303,543,349.11, 
1.51,,,,,,,,
653390,138,-4.41,-3.96,303,303,543,349.12, 
1.51,,,,,,,,
653416,138,-4.41,-3.96,303,302,543,349.12, 
1.51,,,,,,,,
653431,138,-4.41,-3.96,303,302,543,349.12, 
1.51,,,,,,,,
653448,138,-4.41,-3.96,303,302,543,349.12, 
1.51,,,,,,,,
653473,138,-4.41,-3.96,303,302,543,349.12, 
1.51,,,,,,,,
653490,138,-4.41,-3.96,303,302,543,349.13, 
1.51,,,,,,,,
653506,138,-4.41,-3.96,303,302,543,349.13, 
1.51,,,,,,,,
653522,138,-4.41,-3.96,303,302,543,349.13, 
1.51,,,,,,,,
653547,138,-4.41,-3.96,303,302,543,349.13, 
1.51,,,,,,,,
653563,138,-4.41,-3.96,303,299,543,349.13, 
1.51,,,,,,,,
653581,138,-4.41,-3.96,303,302,543,349.15, 
1.51,,,,,,,,
653605,138,-4.41,-3.96,303,302,543,349.15, 
1.51,,,,,,,,
653622,138,-4.41,-3.96,303,301,543,349.15, 
1.51,,,,,,,,
653637,138,-4.41,-3.96,303,302,543,349.15, 
1.51,,,,,,,,
653663,138,-4.41,-3.96,303,298,543,349.15, 
1.51,,,,,,,,
653680,138,-4.41,-3.96,303,302,543,349.16, 
1.51,,,,,,,,
653697,138,-4.41,-3.96,303,301,543,349.16, 
1.51,,,,,,,,
653713,138,-4.41,-3.96,303,302,543,349.16, 
1.51,,,,,,,,
653739,138,-4.41,-3.96,303,302,543,349.16, 
1.51,,,,,,,,
653755,138,-4.41,-3.96,303,301,543,349.16, 
1.51,,,,,,,,
653771,138,-4.41,-3.96,303,302,543,349.16, 
1.51,,,,,,,,
653830,138,-4.41,-3.94,303,303,543,349.17, 
1.51,,,,,,,,
653854,138,-4.41,-3.94,303,303,543,349.17, 
1.51,,,,,,,,
653871,138,-4.41,-3.94,303,299,543,349.17, 
1.51,,,,,,,,
653887,138,-4.41,-3.94,303,304,543,349.18, 
1.51,,,,,,,,
653941,138,-4.41,-3.94,303,303,543,349.18, 
1.51,,,,,,,,
653958,138,-4.41,-3.94,303,302,543,349.18, 
1.51,,,,,,,,
653974,138,-4.41,-3.94,303,304,543,349.18, 
1.51,,,,,,,,
654001,138,-4.41,-3.94,303,303,543,349.19, 
1.51,,,,,,,,
654017,138,-4.41,-3.94,303,302,543,349.19, 
1.51,,,,,,,,
654033,138,-4.41,-3.94,303,302,543,349.19, 
1.51,,,,,,,,
654059,138,-4.41,-3.94,303,298,543,349.19, 
1.51,,,,,,,,
654076,138,-4.41,-3.94,303,303,543,349.19, 
1.51,,,,,,,,
654094,138,-4.41,-3.94,303,302,543,349.2, 
1.51,,,,,,,,
654110,138,-4.41,-3.94,303,302,543,349.2, 
1.51,,,,,,,,
654136,138,-4.41,-3.94,303,302,543,349.2, 
1.51,,,,,,,,
654152,138,-4.41,-3.94,303,302,543,349.2, 
1.51,,,,,,,,
654169,138,-4.41,-3.94,303,302,543,349.2, 
1.55,,,,,,,,
654195,139,-4.41,-3.94,303,302,543,349.21, 
1.51,,,,,,,,
654212,138,-4.41,-3.94,303,302,543,349.21, 
1.51,,,,,,,,
654228,138,-4.41,-3.94,303,301,543,349.21, 
1.51,,,,,,,,
654254,139,-4.41,-3.94,303,302,543,349.21, 
1.51,,,,,,,,
654270,138,-4.41,-3.94,303,299,543,349.21, 
1.51,,,,,,,,
654287,138,-4.41,-3.94,303,302,543,349.22, 
1.51,,,,,,,,
654331,138,-4.41,-3.94,303,304,543,349.22, 
1.51,,,,,,,,
654366,138,-4.41,-3.94,303,300,543,349.22, 
1.51,,,,,,,,
654384,138,-4.41,-3.94,303,304,543,349.23, 
1.51,,,,,,,,
654399,138,-4.41,-3.94,303,303,543,349.23, 
1.51,,,,,,,,
654425,138,-4.41,-3.94,303,303,543,349.23, 
1.51,,,,,,,,
654440,138,-4.41,-3.94,303,302,543,349.23, 
1.51,,,,,,,,
654456,138,-4.41,-3.94,303,302,543,349.23, 
1.51,,,,,,,,
654483,138,-4.41,-3.94,303,302,543,349.24, 
1.51,,,,,,,,
654498,138,-4.41,-3.94,303,302,543,349.24, 
1.51,,,,,,,,
654515,138,-4.41,-3.94,303,302,543,349.24, 
1.51,,,,,,,,
654530,138,-4.41,-3.94,303,302,543,349.24, 
1.51,,,,,,,,
654556,138,-4.41,-3.94,303,302,543,349.24, 
1.51,,,,,,,,
654572,138,-4.41,-3.94,303,298,543,349.24, 
1.51,,,,,,,,
654588,138,-4.42,-3.94,303,302,543,349.26, 
1.51,,,,,,,,
654614,138,-4.42,-3.94,303,302,543,349.26, 
1.51,,,,,,,,
654630,138,-4.42,-3.94,303,301,543,349.26, 
1.51,,,,,,,,
654647,138,-4.42,-3.94,303,302,543,349.26, 
1.51,,,,,,,,
654663,138,-4.42,-3.94,303,299,543,349.26, 
1.51,,,,,,,,
654690,138,-4.41,-3.94,303,302,543,349.27, 
1.51,,,,,,,,
654706,138,-4.41,-3.94,303,302,543,349.27, 
1.51,,,,,,,,
654723,138,-4.41,-3.94,303,302,543,349.27, 
1.51,,,,,,,,
654749,138,-4.41,-3.94,303,302,543,349.27, 
1.51,,,,,,,,
654766,138,-4.41,-3.94,303,298,543,349.27, 
1.51,,,,,,,,
654783,138,-4.41,-3.94,303,302,543,349.28, 
1.51,,,,,,,,
654836,138,-4.41,-3.94,303,304,543,349.28, 
1.51,,,,,,,,
654861,138,-4.41,-3.94,303,302,543,349.28, 
1.51,,,,,,,,
654878,138,-4.41,-3.94,303,303,543,349.28, 
1.51,,,,,,,,
654895,138,-4.41,-3.93,303,304,543,349.29, 
1.51,,,,,,,,
654921,138,-4.41,-3.93,303,303,543,349.29, 
1.51,,,,,,,,
654938,138,-4.41,-3.93,303,303,543,349.29, 
1.51,,,,,,,,
654954,138,-4.41,-3.93,303,300,543,349.29, 
1.51,,,,,,,,
654981,138,-4.41,-3.93,303,303,543,349.29, 
1.51,,,,,,,,
654997,138,-4.41,-3.93,303,303,543,349.3, 
1.51,,,,,,,,
655013,138,-4.41,-3.93,303,302,543,349.3, 
1.51,,,,,,,,
655042,138,-4.41,-3.93,303,303,543,349.3, 
1.51,,,,,,,,
655058,138,-4.41,-3.93,303,302,543,349.3, 
1.51,,,,,,,,
655075,138,-4.41,-3.93,303,299,543,349.3, 
1.51,,,,,,,,
655092,138,-4.41,-3.94,303,302,543,349.31, 
1.51,,,,,,,,
655118,138,-4.41,-3.94,303,302,543,349.31, 
1.51,,,,,,,,
655134,138,-4.41,-3.94,303,302,543,349.31, 
1.51,,,,,,,,
655151,138,-4.41,-3.94,303,302,543,349.31, 
1.51,,,,,,,,
655177,138,-4.41,-3.94,303,302,543,349.31, 
1.51,,,,,,,,
655194,138,-4.41,-3.94,303,301,543,349.32, 
1.51,,,,,,,,
655210,138,-4.41,-3.94,303,301,543,349.32, 
1.51,,,,,,,,
655237,138,-4.41,-3.94,303,302,543,349.32, 
1.55,,,,,,,,
655253,138,-4.41,-3.94,303,301,543,349.32, 
1.51,,,,,,,,
655269,138,-4.41,-3.94,303,301,543,349.32, 
1.51,,,,,,,,
655287,138,-4.41,-3.94,303,302,543,349.33, 
1.51,,,,,,,,
655340,138,-4.41,-3.94,303,303,543,349.33, 
1.51,,,,,,,,
655365,138,-4.41,-3.94,303,299,543,349.33, 
1.51,,,,,,,,
655382,138,-4.41,-3.94,303,303,543,349.33, 
1.51,,,,,,,,
655408,138,-4.41,-3.93,303,303,543,349.34, 
1.51,,,,,,,,
655424,138,-4.41,-3.93,303,303,543,349.34, 
1.51,,,,,,,,
655440,138,-4.41,-3.93,303,302,543,349.34, 
1.51,,,,,,,,
655467,138,-4.41,-3.93,303,299,543,349.34, 
1.51,,,,,,,,
655483,138,-4.41,-3.93,303,302,543,349.35, 
1.51,,,,,,,,
655500,138,-4.41,-3.93,303,302,543,349.35, 
1.51,,,,,,,,
655516,138,-4.41,-3.93,303,303,543,349.35, 
1.51,,,,,,,,
655541,138,-4.41,-3.93,303,302,543,349.35, 
1.51,,,,,,,,
655557,138,-4.41,-3.93,303,302,543,349.35, 
1.51,,,,,,,,
655574,138,-4.41,-3.93,303,299,543,349.35, 
1.51,,,,,,,,
655599,138,-4.41,-3.93,303,302,543,349.37, 
1.51,,,,,,,,
655616,138,-4.41,-3.93,303,302,543,349.37, 
1.51,,,,,,,,
655632,138,-4.41,-3.93,303,302,543,349.37, 
1.51,,,,,,,,
655648,138,-4.41,-3.93,303,302,543,349.37, 
1.51,,,,,,,,
655675,138,-4.41,-3.93,303,300,543,349.37, 
1.51,,,,,,,,
655691,138,-4.41,-3.93,303,301,543,349.38, 
1.51,,,,,,,,
655709,138,-4.41,-3.93,303,302,543,349.38, 
1.51,,,,,,,,
655734,138,-4.41,-3.93,303,302,543,349.38, 
1.51,,,,,,,,
655751,138,-4.41,-3.93,303,301,543,349.38, 
1.51,,,,,,,,
655767,138,-4.41,-3.93,303,299,543,349.38, 
1.51,,,,,,,,
655794,138,-4.39,-3.93,303,302,543,349.39, 
1.51,,,,,,,,
655810,138,-4.39,-3.93,303,302,543,349.39, 
1.51,,,,,,,,
655854,138,-4.39,-3.93,303,303,543,349.39, 
1.51,,,,,,,,
655880,138,-4.39,-3.93,303,303,543,349.39, 
1.51,,,,,,,,
655905,138,-4.39,-3.93,303,303,543,349.4, 
1.55,,,,,,,,
655922,138,-4.39,-3.93,303,302,543,349.4, 
1.51,,,,,,,,
655937,138,-4.39,-3.93,303,302,543,349.4, 
1.51,,,,,,,,
655962,138,-4.39,-3.93,303,302,543,349.4, 
1.51,,,,,,,,
655978,138,-4.39,-3.93,303,301,543,349.4, 
1.51,,,,,,,,
655993,139,-4.41,-3.93,303,302,543,349.41, 
1.51,,,,,,,,
656020,138,-4.41,-3.93,303,302,543,349.41, 
1.51,,,,,,,,
656036,138,-4.41,-3.93,303,301,543,349.41, 
1.51,,,,,,,,
656053,138,-4.41,-3.93,303,302,543,349.41, 
1.51,,,,,,,,
656069,138,-4.41,-3.93,303,302,543,349.41, 
1.51,,,,,,,,
656096,138,-4.39,-3.93,303,301,543,349.42, 
1.51,,,,,,,,
656112,138,-4.39,-3.93,303,301,543,349.42, 
1.51,,,,,,,,
656129,138,-4.39,-3.93,303,301,543,349.42, 
1.51,,,,,,,,
656157,138,-4.39,-3.93,303,302,543,349.42, 
1.55,,,,,,,,
656174,138,-4.39,-3.93,303,297,543,349.42, 
1.51,,,,,,,,
656191,138,-4.41,-3.93,303,302,543,349.43, 
1.55,,,,,,,,
656217,138,-4.41,-3.93,303,302,543,349.43, 
1.51,,,,,,,,
656233,138,-4.41,-3.93,303,302,543,349.43, 
1.51,,,,,,,,
656249,138,-4.41,-3.93,303,302,543,349.43, 
1.51,,,,,,,,
656266,138,-4.41,-3.93,303,297,543,349.43, 
1.51,,,,,,,,
656292,138,-4.39,-3.93,303,302,543,349.44, 
1.51,,,,,,,,
656308,139,-4.39,-3.93,303,302,543,349.44, 
1.51,,,,,,,,
656324,138,-4.39,-3.93,303,301,543,349.44, 
1.51,,,,,,,,
656377,138,-4.39,-3.93,303,304,543,349.44, 
1.51,,,,,,,,
656403,138,-4.39,-3.93,303,303,543,349.45, 
1.51,,,,,,,,
656419,138,-4.39,-3.93,303,302,543,349.45, 
1.51,,,,,,,,
656436,138,-4.39,-3.93,303,303,543,349.45, 
1.51,,,,,,,,
656461,138,-4.39,-3.93,303,302,543,349.45, 
1.51,,,,,,,,
656478,138,-4.39,-3.93,303,300,543,349.45, 
1.51,,,,,,,,
656495,138,-4.39,-3.93,303,302,543,349.48, 
1.51,,,,,,,,
656521,138,-4.39,-3.93,303,302,543,349.48, 
1.51,,,,,,,,
656537,138,-4.39,-3.93,303,302,543,349.48, 
1.51,,,,,,,,
656553,138,-4.39,-3.93,303,302,543,349.48, 
1.51,,,,,,,,
656579,138,-4.39,-3.93,303,300,543,349.48, 
1.51,,,,,,,,
656596,138,-4.39,-3.94,303,302,543,349.49, 
1.51,,,,,,,,
656613,138,-4.39,-3.94,303,302,543,349.49, 
1.51,,,,,,,,
656629,138,-4.39,-3.94,303,302,543,349.49, 
1.51,,,,,,,,
656655,138,-4.39,-3.94,303,302,543,349.49, 
1.51,,,,,,,,
656671,138,-4.39,-3.94,303,299,543,349.49, 
1.51,,,,,,,,
656689,138,-4.39,-3.94,303,302,543,349.5, 
1.51,,,,,,,,
656714,138,-4.39,-3.94,303,302,543,349.5, 
1.51,,,,,,,,
656731,138,-4.39,-3.94,303,302,543,349.5, 
1.51,,,,,,,,
656747,138,-4.39,-3.94,303,302,543,349.5, 
1.51,,,,,,,,
656773,138,-4.39,-3.94,303,297,543,349.5, 
1.51,,,,,,,,
656790,138,-4.41,-3.94,303,302,543,349.51, 
1.51,,,,,,,,
656805,138,-4.41,-3.94,303,301,543,349.51, 
1.51,,,,,,,,
656822,138,-4.41,-3.94,303,302,543,349.51, 
1.51,,,,,,,,
656846,138,-4.41,-3.94,303,302,543,349.51, 
1.51,,,,,,,,
656891,138,-4.41,-3.94,303,303,543,349.52, 
1.51,,,,,,,,
656916,138,-4.41,-3.94,303,302,543,349.52, 
1.51,,,,,,,,
656942,138,-4.41,-3.94,303,302,543,349.52, 
1.51,,,,,,,,
656958,138,-4.41,-3.94,303,302,543,349.52, 
1.51,,,,,,,,
656974,138,-4.41,-3.94,303,302,543,349.52, 
1.51,,,,,,,,
656992,138,-4.41,-3.94,303,302,543,349.53, 
1.51,,,,,,,,
657017,138,-4.41,-3.94,303,302,543,349.53, 
1.51,,,,,,,,
657033,138,-4.41,-3.94,303,302,543,349.53, 
1.51,,,,,,,,
657049,138,-4.41,-3.94,303,301,543,349.53, 
1.51,,,,,,,,
657074,138,-4.41,-3.94,303,299,543,349.53, 
1.51,,,,,,,,
657091,138,-4.41,-3.94,303,302,543,349.54, 
1.51,,,,,,,,
657106,138,-4.41,-3.94,303,301,543,349.54, 
1.51,,,,,,,,
657123,138,-4.41,-3.94,303,302,543,349.54, 
1.51,,,,,,,,
657148,138,-4.41,-3.94,303,301,543,349.54, 
1.51,,,,,,,,
657164,138,-4.41,-3.94,303,301,543,349.54, 
1.51,,,,,,,,
657180,138,-4.41,-3.94,303,301,543,349.54, 
1.51,,,,,,,,
657206,138,-4.41,-3.94,303,301,543,349.55, 
1.55,,,,,,,,
657222,138,-4.41,-3.94,303,301,543,349.55, 
1.51,,,,,,,,
657239,139,-4.41,-3.94,303,301,543,349.55, 
1.51,,,,,,,,
657267,138,-4.41,-3.94,303,299,543,349.55, 
1.51,,,,,,,,
657285,138,-4.41,-3.94,303,301,543,349.55, 
1.51,,,,,,,,
657301,138,-4.41,-3.94,303,301,543,349.56, 
1.51,,,,,,,,
657317,138,-4.41,-3.94,303,302,543,349.56, 
1.51,,,,,,,,
657344,138,-4.41,-3.94,303,301,543,349.56, 
1.51,,,,,,,,
657360,138,-4.41,-3.94,303,302,543,349.56, 
1.51,,,,,,,,
657405,138,-4.42,-3.94,303,303,543,349.57, 
1.51,,,,,,,,
657439,138,-4.42,-3.94,303,303,543,349.57, 
1.55,,,,,,,,
657456,138,-4.42,-3.94,303,303,543,349.57, 
1.51,,,,,,,,
657471,138,-4.42,-3.94,303,299,543,349.57, 
1.51,,,,,,,,
657498,138,-4.41,-3.94,303,303,543,349.58, 
1.51,,,,,,,,
657514,138,-4.41,-3.94,303,302,543,349.58, 
1.51,,,,,,,,
657530,138,-4.41,-3.94,303,302,543,349.58, 
1.51,,,,,,,,
657546,138,-4.41,-3.94,303,302,543,349.58, 
1.51,,,,,,,,
657572,138,-4.41,-3.94,303,298,543,349.58, 
1.55,,,,,,,,
657589,138,-4.41,-3.94,303,302,543,349.58, 
1.51,,,,,,,,
657605,138,-4.41,-3.94,303,301,543,349.6, 
1.51,,,,,,,,
657631,138,-4.41,-3.94,303,302,543,349.6, 
1.51,,,,,,,,
657647,138,-4.41,-3.94,303,302,543,349.6, 
1.51,,,,,,,,
657662,138,-4.41,-3.94,303,302,543,349.6, 
1.51,,,,,,,,
657679,138,-4.41,-3.94,303,302,543,349.6, 
1.51,,,,,,,,
657705,138,-4.42,-3.94,303,302,543,349.62, 
1.51,,,,,,,,
657722,138,-4.42,-3.94,303,301,543,349.62, 
1.51,,,,,,,,
657738,138,-4.42,-3.94,303,301,543,349.62, 
1.51,,,,,,,,
657764,138,-4.42,-3.94,303,301,543,349.62, 
1.51,,,,,,,,
657780,138,-4.42,-3.94,303,299,543,349.62, 
1.51,,,,,,,,
657798,138,-4.42,-3.94,303,301,543,349.63, 
1.51,,,,,,,,
657823,138,-4.42,-3.94,303,302,543,349.63, 
1.51,,,,,,,,
657840,138,-4.42,-3.94,303,301,543,349.63, 
1.51,,,,,,,,
657855,138,-4.42,-3.94,303,301,543,349.63, 
1.51,,,,,,,,
657871,138,-4.42,-3.94,303,299,543,349.63, 
1.51,,,,,,,,
657926,138,-4.42,-3.94,303,304,543,349.64, 
1.51,,,,,,,,
657951,138,-4.42,-3.94,303,303,543,349.64, 
1.51,,,,,,,,
657968,138,-4.42,-3.94,303,302,543,349.64, 
1.51,,,,,,,,
657994,138,-4.42,-3.94,303,303,543,349.64, 
1.51,,,,,,,,
658011,138,-4.42,-3.94,303,302,543,349.64, 
1.51,,,,,,,,
658027,138,-4.42,-3.94,303,302,543,349.64, 
1.51,,,,,,,,
658043,138,-4.42,-3.94,303,302,543,349.64, 
1.55,,,,,,,,
658069,138,-4.42,-3.94,303,301,543,349.64, 
1.51,,,,,,,,
658085,138,-4.42,-3.94,303,302,543,349.64, 
1.51,,,,,,,,
658103,138,-4.42,-3.94,303,302,543,349.65, 
1.51,,,,,,,,
658128,138,-4.42,-3.94,303,302,543,349.65, 
1.51,,,,,,,,
658145,138,-4.42,-3.94,303,302,543,349.65, 
1.51,,,,,,,,
658161,138,-4.42,-3.94,303,301,543,349.65, 
1.51,,,,,,,,
658188,138,-4.42,-3.94,303,302,543,349.65, 
1.51,,,,,,,,
658204,138,-4.42,-3.94,303,302,543,349.67, 
1.51,,,,,,,,
658221,138,-4.42,-3.94,303,302,543,349.67, 
1.51,,,,,,,,
658237,138,-4.42,-3.94,303,302,543,349.67, 
1.51,,,,,,,,
658263,138,-4.42,-3.94,303,302,543,349.67, 
1.51,,,,,,,,
658279,139,-4.42,-3.94,303,297,543,349.67, 
1.51,,,,,,,,
658296,138,-4.42,-3.94,303,302,543,349.68, 
1.51,,,,,,,,
658322,138,-4.42,-3.94,303,302,543,349.68, 
1.51,,,,,,,,
658338,138,-4.42,-3.94,303,302,543,349.68, 
1.51,,,,,,,,
658356,138,-4.42,-3.94,303,301,543,349.68, 
1.51,,,,,,,,
658446,138,-4.42,-3.96,303,305,543,349.69, 
1.51,,,,,,,,
658470,138,-4.42,-3.96,303,300,543,349.69, 
1.51,,,,,,,,
658488,138,-4.42,-3.96,303,304,543,349.69, 
1.51,,,,,,,,
658504,138,-4.42,-3.94,303,304,543,349.71, 
1.51,,,,,,,,
658541,138,-4.42,-3.94,303,303,543,349.71, 
1.51,,,,,,,,
658557,138,-4.42,-3.94,303,303,543,349.71, 
1.51,,,,,,,,
658574,138,-4.42,-3.94,303,300,543,349.71, 
1.51,,,,,,,,
658600,138,-4.42,-3.94,303,303,543,349.72, 
1.51,,,,,,,,
658617,138,-4.42,-3.94,303,302,543,349.72, 
1.51,,,,,,,,
658633,138,-4.42,-3.94,303,302,543,349.72, 
1.51,,,,,,,,
658660,138,-4.42,-3.94,303,302,543,349.72, 
1.51,,,,,,,,
658676,138,-4.42,-3.94,303,299,543,349.72, 
1.51,,,,,,,,
658693,138,-4.42,-3.94,303,302,543,349.72, 
1.51,,,,,,,,
658710,138,-4.42,-3.94,303,302,543,349.73, 
1.51,,,,,,,,
658736,138,-4.42,-3.94,303,302,543,349.73, 
1.51,,,,,,,,
658752,138,-4.42,-3.94,303,301,543,349.73, 
1.51,,,,,,,,
658768,138,-4.42,-3.94,303,302,543,349.73, 
1.51,,,,,,,,
658795,138,-4.42,-3.94,303,302,543,349.74, 
1.51,,,,,,,,
658811,138,-4.42,-3.94,303,302,543,349.74, 
1.51,,,,,,,,
658828,138,-4.42,-3.94,303,301,543,349.74, 
1.51,,,,,,,,
658853,138,-4.42,-3.94,303,302,543,349.74, 
1.51,,,,,,,,
658870,138,-4.42,-3.94,303,301,543,349.74, 
1.51,,,,,,,,
658886,138,-4.42,-3.94,303,299,543,349.74, 
1.51,,,,,,,,
658903,138,-4.42,-3.94,303,302,543,349.75, 
1.51,,,,,,,,
658957,138,-4.42,-3.94,303,303,543,349.75, 
1.51,,,,,,,,
658982,138,-4.42,-3.94,303,297,543,349.75, 
1.51,,,,,,,,
659000,138,-4.42,-3.94,303,303,543,349.76, 
1.51,,,,,,,,
659025,138,-4.42,-3.94,303,303,543,349.76, 
1.51,,,,,,,,
659042,138,-4.42,-3.94,303,302,543,349.76, 
1.51,,,,,,,,
659058,138,-4.42,-3.94,303,302,543,349.76, 
1.51,,,,,,,,
659084,138,-4.42,-3.94,303,298,543,349.76, 
1.51,,,,,,,,
659101,138,-4.42,-3.94,303,302,543,349.77, 
1.51,,,,,,,,
659118,138,-4.42,-3.94,303,302,543,349.77, 
1.51,,,,,,,,
659134,138,-4.42,-3.94,303,302,543,349.77, 
1.51,,,,,,,,
659160,138,-4.42,-3.94,303,302,543,349.77, 
1.51,,,,,,,,
659176,138,-4.42,-3.94,303,298,543,349.77, 
1.51,,,,,,,,
659193,138,-4.42,-3.94,303,302,543,349.77, 
1.51,,,,,,,,
659219,138,-4.42,-3.94,303,302,543,349.79, 
1.51,,,,,,,,
659235,138,-4.42,-3.94,303,302,543,349.79, 
1.55,,,,,,,,
659251,138,-4.42,-3.94,303,302,543,349.79, 
1.51,,,,,,,,
659267,138,-4.42,-3.94,303,298,543,349.79, 
1.51,,,,,,,,
659293,139,-4.42,-3.94,303,302,543,349.79, 
1.51,,,,,,,,
659309,138,-4.42,-3.94,303,302,543,349.8, 
1.51,,,,,,,,
659325,138,-4.42,-3.94,303,302,543,349.8, 
1.51,,,,,,,,
659351,138,-4.42,-3.94,303,302,543,349.8, 
1.51,,,,,,,,
659367,138,-4.42,-3.94,303,301,543,349.8, 
1.51,,,,,,,,
659385,138,-4.42,-3.94,303,297,543,349.8, 
1.51,,,,,,,,
659410,138,-4.42,-3.94,303,302,543,349.82, 
1.51,,,,,,,,
659427,138,-4.42,-3.94,303,302,543,349.82, 
1.51,,,,,,,,
659471,138,-4.42,-3.94,303,298,543,349.82, 
1.51,,,,,,,,
659497,138,-4.42,-3.94,303,303,543,349.83, 
1.51,,,,,,,,
659523,138,-4.42,-3.94,303,303,543,349.83, 
1.55,,,,,,,,
659539,138,-4.42,-3.94,303,302,543,349.83, 
1.51,,,,,,,,
659556,138,-4.42,-3.94,303,302,543,349.83, 
1.51,,,,,,,,
659581,138,-4.42,-3.94,303,301,543,349.83, 
1.51,,,,,,,,
659599,138,-4.42,-3.94,303,302,543,349.84, 
1.51,,,,,,,,
659615,138,-4.42,-3.94,303,302,543,349.84, 
1.51,,,,,,,,
659641,138,-4.42,-3.94,303,302,543,349.84, 
1.51,,,,,,,,
659657,138,-4.42,-3.94,303,302,543,349.84, 
1.51,,,,,,,,
659674,138,-4.42,-3.94,303,301,543,349.84, 
1.51,,,,,,,,
659690,138,-4.42,-3.94,303,302,543,349.84, 
1.51,,,,,,,,
659717,138,-4.42,-3.94,303,301,543,349.85, 
1.51,,,,,,,,
659733,138,-4.42,-3.94,303,302,543,349.85, 
1.51,,,,,,,,
659749,138,-4.42,-3.94,303,301,543,349.85, 
1.51,,,,,,,,
659775,138,-4.42,-3.94,303,299,543,349.85, 
1.51,,,,,,,,
659792,138,-4.42,-3.94,303,302,543,349.85, 
1.51,,,,,,,,
659809,138,-4.42,-3.94,303,302,543,349.86, 
1.51,,,,,,,,
659825,138,-4.42,-3.94,303,302,543,349.86, 
1.51,,,,,,,,
659851,138,-4.42,-3.94,303,301,543,349.86, 
1.51,,,,,,,,
659867,138,-4.42,-3.94,303,301,543,349.86, 
1.51,,,,,,,,
659884,139,-4.42,-3.94,303,300,543,349.86, 
1.51,,,,,,,,
659910,138,-4.42,-3.94,303,301,543,349.88, 
1.51,,,,,,,,
659927,138,-4.42,-3.94,303,301,543,349.88, 
1.55,,,,,,,,
659943,138,-4.42,-3.94,303,301,543,349.88, 
1.51,,,,,,,,
659997,138,-4.42,-3.96,303,303,543,349.89, 
1.51,,,,,,,,
660023,138,-4.42,-3.96,303,302,543,349.89, 
1.51,,,,,,,,
660039,138,-4.42,-3.96,303,302,543,349.89, 
1.51,,,,,,,,
660056,138,-4.42,-3.96,303,302,543,349.89, 
1.51,,,,,,,,
660081,138,-4.42,-3.96,303,298,543,349.89, 
1.51,,,,,,,,
660099,138,-4.42,-3.96,303,302,543,349.9, 
1.51,,,,,,,,
660115,138,-4.42,-3.96,303,301,543,349.9, 
1.51,,,,,,,,
660142,138,-4.42,-3.96,303,302,543,349.9, 
1.51,,,,,,,,
660158,138,-4.42,-3.96,303,301,543,349.9, 
1.51,,,,,,,,
660174,138,-4.42,-3.96,303,301,543,349.9, 
1.51,,,,,,,,
660201,138,-4.42,-3.94,303,302,543,349.91, 
1.51,,,,,,,,
660216,138,-4.42,-3.94,303,302,543,349.91, 
1.51,,,,,,,,
660232,138,-4.42,-3.94,303,301,543,349.91, 
1.51,,,,,,,,
660247,138,-4.42,-3.94,303,302,543,349.91, 
1.51,,,,,,,,
660273,138,-4.42,-3.94,303,302,543,349.91, 
1.51,,,,,,,,
660288,138,-4.42,-3.94,303,298,543,349.91, 
1.51,,,,,,,,
660304,138,-4.42,-3.96,303,301,543,349.93, 
1.51,,,,,,,,
660330,138,-4.42,-3.96,303,301,543,349.93, 
1.51,,,,,,,,
660346,138,-4.42,-3.96,303,302,543,349.93, 
1.51,,,,,,,,
660363,138,-4.42,-3.96,303,301,543,349.93, 
1.51,,,,,,,,
660379,138,-4.42,-3.96,303,298,543,349.93, 
1.51,,,,,,,,
660406,138,-4.42,-3.96,303,301,543,349.94, 
1.51,,,,,,,,
660422,138,-4.42,-3.96,303,301,543,349.94, 
1.51,,,,,,,,
660439,138,-4.42,-3.96,303,302,543,349.94, 
1.51,,,,,,,,
660464,138,-4.42,-3.96,303,301,543,349.94, 
1.51,,,,,,,,
660509,138,-4.42,-3.96,303,302,543,349.95, 
1.51,,,,,,,,
660534,138,-4.42,-3.96,303,302,543,349.95, 
1.51,,,,,,,,
660559,138,-4.42,-3.96,303,302,543,349.95, 
1.51,,,,,,,,
660575,138,-4.42,-3.96,303,302,543,349.95, 
1.51,,,,,,,,
660591,139,-4.42,-3.96,303,302,543,349.95, 
1.51,,,,,,,,
660608,138,-4.42,-3.94,303,302,543,349.96, 
1.51,,,,,,,,
660634,138,-4.42,-3.94,303,301,543,349.96, 
1.51,,,,,,,,
660651,139,-4.42,-3.94,303,301,543,349.96, 
1.51,,,,,,,,
660667,138,-4.42,-3.94,303,301,543,349.96, 
1.51,,,,,,,,
660692,138,-4.42,-3.94,303,302,543,349.96, 
1.51,,,,,,,,
660710,138,-4.42,-3.94,303,301,543,349.97, 
1.51,,,,,,,,
660726,138,-4.42,-3.94,303,301,543,349.97, 
1.51,,,,,,,,
660752,138,-4.42,-3.94,303,301,543,349.97, 
1.51,,,,,,,,
660768,138,-4.42,-3.94,303,301,543,349.97, 
1.55,,,,,,,,
660785,138,-4.42,-3.94,303,299,543,349.97, 
1.51,,,,,,,,
660802,138,-4.42,-3.94,303,302,543,349.98, 
1.51,,,,,,,,
660828,138,-4.42,-3.94,303,302,543,349.98, 
1.51,,,,,,,,
660844,138,-4.42,-3.94,303,302,543,349.98, 
1.51,,,,,,,,
660860,138,-4.42,-3.94,303,301,543,349.98, 
1.51,,,,,,,,
660887,138,-4.42,-3.94,303,299,543,349.98, 
1.51,,,,,,,,
660904,138,-4.42,-3.94,303,301,543,349.99, 
1.51,,,,,,,,
660921,138,-4.42,-3.94,303,301,543,349.99, 
1.51,,,,,,,,
660946,138,-4.42,-3.94,303,302,543,349.99, 
1.51,,,,,,,,
660963,138,-4.42,-3.94,303,301,543,349.99, 
1.51,,,,,,,,
660979,138,-4.42,-3.94,303,300,543,349.99, 
1.51,,,,,,,,
661024,138,-4.42,-3.94,303,304,543,350, 
1.51,,,,,,,,
661058,138,-4.42,-3.94,303,303,543,350, 
1.51,,,,,,,,
661074,138,-4.42,-3.94,303,302,543,350, 
1.51,,,,,,,,
661091,138,-4.42,-3.94,303,299,543,350, 
1.51,,,,,,,,
661116,138,-4.42,-3.96,303,303,543,350.01, 
1.51,,,,,,,,
661133,138,-4.42,-3.96,303,302,543,350.01, 
1.51,,,,,,,,
661149,138,-4.42,-3.96,303,302,543,350.01, 
1.51,,,,,,,,
661166,138,-4.42,-3.96,303,302,543,350.01, 
1.51,,,,,,,,
661192,138,-4.42,-3.96,303,301,543,350.01, 
1.51,,,,,,,,
661209,138,-4.42,-3.96,303,302,543,350.02, 
1.51,,,,,,,,
661225,138,-4.42,-3.96,303,302,543,350.02, 
1.51,,,,,,,,
661252,138,-4.42,-3.96,303,302,543,350.02, 
1.51,,,,,,,,
661268,138,-4.42,-3.96,303,302,543,350.02, 
1.51,,,,,,,,
661284,138,-4.42,-3.96,303,299,543,350.02, 
1.51,,,,,,,,
661311,138,-4.42,-3.96,303,303,543,350.04, 
1.51,,,,,,,,
661326,138,-4.42,-3.96,303,302,543,350.04, 
1.51,,,,,,,,
661343,138,-4.42,-3.96,303,302,543,350.04, 
1.51,,,,,,,,
661359,138,-4.42,-3.96,303,302,543,350.04, 
1.51,,,,,,,,
661385,138,-4.42,-3.96,303,298,543,350.04, 
1.51,,,,,,,,
661401,138,-4.42,-3.96,303,302,543,350.05, 
1.51,,,,,,,,
661417,139,-4.42,-3.96,303,301,543,350.05, 
1.51,,,,,,,,
661444,138,-4.42,-3.96,303,302,543,350.05, 
1.51,,,,,,,,
661460,139,-4.42,-3.96,303,302,543,350.05, 
1.51,,,,,,,,
661477,138,-4.42,-3.96,303,301,543,350.05, 
1.51,,,,,,,,
661531,138,-4.42,-3.96,303,303,543,350.06, 
1.51,,,,,,,,
661557,138,-4.42,-3.96,303,303,543,350.06, 
1.51,,,,,,,,
661573,138,-4.42,-3.96,303,302,543,350.06, 
1.51,,,,,,,,
661590,138,-4.42,-3.96,303,303,543,350.06, 
1.51,,,,,,,,
661616,138,-4.42,-3.96,303,302,543,350.08, 
1.51,,,,,,,,
661633,138,-4.42,-3.96,303,302,543,350.08, 
1.51,,,,,,,,
661649,138,-4.42,-3.96,303,302,543,350.08, 
1.51,,,,,,,,
661675,138,-4.42,-3.96,303,302,543,350.08, 
1.51,,,,,,,,
661692,138,-4.42,-3.96,303,298,543,350.08, 
1.51,,,,,,,,
661708,139,-4.42,-3.96,303,302,543,350.09, 
1.51,,,,,,,,
661735,138,-4.42,-3.96,303,302,543,350.09, 
1.51,,,,,,,,
661751,138,-4.42,-3.96,303,302,543,350.09, 
1.51,,,,,,,,
661768,138,-4.42,-3.96,303,301,543,350.09, 
1.51,,,,,,,,
661783,138,-4.42,-3.96,303,299,543,350.09, 
1.51,,,,,,,,
661811,138,-4.42,-3.96,303,302,543,350.1, 
1.51,,,,,,,,
661827,138,-4.42,-3.96,303,301,543,350.1, 
1.51,,,,,,,,
661843,138,-4.42,-3.96,303,302,543,350.1, 
1.51,,,,,,,,
661869,138,-4.42,-3.96,303,302,543,350.1, 
1.51,,,,,,,,
661885,138,-4.42,-3.96,303,300,543,350.1, 
1.51,,,,,,,,
661903,138,-4.42,-3.96,303,302,543,350.11, 
1.51,,,,,,,,
661928,138,-4.42,-3.96,303,303,543,350.11, 
1.51,,,,,,,,
661945,138,-4.42,-3.96,303,302,543,350.11, 
1.55,,,,,,,,
661961,138,-4.42,-3.96,303,302,543,350.11, 
1.51,,,,,,,,
661978,138,-4.42,-3.96,303,299,543,350.11, 
1.51,,,,,,,,
662032,138,-4.42,-3.94,303,304,543,350.11, 
1.51,,,,,,,,
662056,138,-4.42,-3.94,303,303,543,350.11, 
1.51,,,,,,,,
662073,138,-4.42,-3.94,303,303,543,350.11, 
1.51,,,,,,,,
662098,138,-4.42,-3.94,303,302,543,350.11, 
1.51,,,,,,,,
662115,138,-4.41,-3.94,303,302,543,350.12, 
1.51,,,,,,,,
662131,138,-4.41,-3.94,303,302,543,350.12, 
1.51,,,,,,,,
662148,138,-4.41,-3.94,303,302,543,350.12, 
1.51,,,,,,,,
662173,138,-4.41,-3.94,303,302,543,350.12, 
1.51,,,,,,,,
662191,138,-4.41,-3.94,303,300,543,350.12, 
1.51,,,,,,,,
662207,138,-4.41,-3.94,303,302,543,350.13, 
1.51,,,,,,,,
662233,138,-4.41,-3.94,303,302,543,350.13, 
1.51,,,,,,,,
662249,138,-4.41,-3.94,303,302,543,350.13, 
1.51,,,,,,,,
662265,138,-4.41,-3.94,303,302,543,350.13, 
1.51,,,,,,,,
662291,138,-4.41,-3.94,303,297,543,350.13, 
1.51,,,,,,,,
662307,138,-4.41,-3.94,303,302,543,350.15, 
1.51,,,,,,,,
662324,138,-4.41,-3.94,303,302,543,350.15, 
1.51,,,,,,,,
662340,138,-4.41,-3.94,303,302,543,350.15, 
1.51,,,,,,,,
662366,138,-4.41,-3.94,303,302,543,350.15, 
1.51,,,,,,,,
662382,138,-4.41,-3.94,303,299,543,350.15, 
1.51,,,,,,,,
662400,138,-4.41,-3.94,303,301,543,350.15, 
1.51,,,,,,,,
662426,138,-4.41,-3.94,303,302,543,350.16, 
1.55,,,,,,,,
662443,138,-4.41,-3.94,303,301,543,350.16, 
1.51,,,,,,,,
662459,138,-4.41,-3.94,303,301,543,350.16, 
1.51,,,,,,,,
662486,138,-4.41,-3.94,303,298,543,350.16, 
1.51,,,,,,,,
662502,138,-4.41,-3.94,303,302,543,350.16, 
1.51,,,,,,,,
662547,138,-4.39,-3.93,303,304,543,350.17, 
1.51,,,,,,,,
662572,138,-4.39,-3.93,303,303,543,350.17, 
1.51,,,,,,,,
662598,138,-4.39,-3.93,303,303,543,350.17, 
1.51,,,,,,,,
662615,138,-4.41,-3.93,303,302,543,350.18, 
1.51,,,,,,,,
662631,138,-4.41,-3.93,303,302,543,350.18, 
1.51,,,,,,,,
662658,138,-4.41,-3.93,303,302,543,350.18, 
1.51,,,,,,,,
662674,138,-4.41,-3.93,303,302,543,350.18, 
1.55,,,,,,,,
662690,138,-4.41,-3.93,303,302,543,350.18, 
1.51,,,,,,,,
662717,138,-4.41,-3.93,303,302,543,350.19, 
1.51,,,,,,,,
662732,139,-4.41,-3.93,303,302,543,350.19, 
1.51,,,,,,,,
662749,138,-4.41,-3.93,303,302,543,350.19, 
1.55,,,,,,,,
662765,138,-4.41,-3.93,303,302,543,350.19, 
1.51,,,,,,,,
662790,138,-4.41,-3.93,303,297,543,350.19, 
1.51,,,,,,,,
662807,138,-4.41,-3.93,303,302,543,350.2, 
1.51,,,,,,,,
662823,138,-4.41,-3.93,303,301,543,350.2, 
1.51,,,,,,,,
662849,138,-4.41,-3.93,303,302,543,350.2, 
1.51,,,,,,,,
662865,138,-4.41,-3.93,303,302,543,350.2, 
1.51,,,,,,,,
662882,138,-4.41,-3.93,303,301,543,350.2, 
1.51,,,,,,,,
662898,138,-4.41,-3.93,303,301,543,350.2, 
1.51,,,,,,,,
663009,138,-4.41,-3.93,303,304,543,350.23, 
1.51,,,,,,,,
663097,138,-4.41,-3.93,303,307,543,350.23, 
1.51,,,,,,,,
663122,138,-4.41,-3.93,303,305,543,350.24, 
1.51,,,,,,,,
663148,138,-4.41,-3.93,303,305,543,350.24, 
1.51,,,,,,,,
663164,138,-4.41,-3.93,303,304,543,350.24, 
1.51,,,,,,,,
663180,138,-4.41,-3.93,303,304,543,350.24, 
1.51,,,,,,,,
663206,138,-4.41,-3.93,303,304,543,350.24, 
1.51,,,,,,,,
663223,138,-4.41,-3.93,303,303,543,350.24, 
1.51,,,,,,,,
663239,138,-4.41,-3.93,303,303,543,350.24, 
1.51,,,,,,,,
663256,138,-4.41,-3.93,303,303,543,350.24, 
1.55,,,,,,,,
663281,138,-4.41,-3.93,303,303,543,350.24, 
1.51,,,,,,,,
663298,138,-4.41,-3.93,303,301,543,350.24, 
1.51,,,,,,,,
663315,138,-4.41,-3.93,303,302,543,350.27, 
1.51,,,,,,,,
663341,138,-4.41,-3.93,303,303,543,350.27, 
1.51,,,,,,,,
663357,138,-4.41,-3.93,303,302,543,350.27, 
1.51,,,,,,,,
663373,138,-4.41,-3.93,303,302,543,350.27, 
1.51,,,,,,,,
663399,138,-4.41,-3.93,303,302,543,350.27, 
1.51,,,,,,,,
663416,138,-4.41,-3.93,303,302,543,350.28, 
1.51,,,,,,,,
663433,138,-4.41,-3.93,303,302,543,350.28, 
1.51,,,,,,,,
663449,138,-4.41,-3.93,303,302,543,350.28, 
1.51,,,,,,,,
663475,138,-4.41,-3.93,303,302,543,350.28, 
1.51,,,,,,,,
663491,138,-4.41,-3.93,303,299,543,350.28, 
1.51,,,,,,,,
663508,138,-4.41,-3.94,303,302,543,350.29, 
1.51,,,,,,,,
663562,138,-4.41,-3.94,303,303,543,350.29, 
1.51,,,,,,,,
663586,138,-4.41,-3.94,303,300,543,350.29, 
1.51,,,,,,,,
663604,138,-4.41,-3.94,303,303,543,350.29, 
1.51,,,,,,,,
663620,138,-4.41,-3.94,303,302,543,350.3, 
1.51,,,,,,,,
663647,138,-4.41,-3.94,303,302,543,350.3, 
1.51,,,,,,,,
663663,138,-4.41,-3.94,303,302,543,350.3, 
1.51,,,,,,,,
663680,138,-4.41,-3.94,303,299,543,350.3, 
1.51,,,,,,,,
663705,138,-4.41,-3.94,303,303,543,350.3, 
1.51,,,,,,,,
663723,138,-4.41,-3.93,303,302,543,350.31, 
1.51,,,,,,,,
663738,138,-4.41,-3.93,303,302,543,350.31, 
1.51,,,,,,,,
663763,138,-4.41,-3.93,303,302,543,350.31, 
1.51,,,,,,,,
663780,138,-4.41,-3.93,303,302,543,350.31, 
1.51,,,,,,,,
663795,138,-4.41,-3.93,303,296,543,350.31, 
1.51,,,,,,,,
663813,138,-4.41,-3.93,303,302,543,350.32, 
1.51,,,,,,,,
663838,138,-4.41,-3.93,303,302,543,350.32, 
1.51,,,,,,,,
663855,138,-4.41,-3.93,303,302,543,350.32, 
1.51,,,,,,,,
663871,138,-4.41,-3.93,303,302,543,350.32, 
1.51,,,,,,,,
663897,138,-4.41,-3.93,303,297,543,350.32, 
1.51,,,,,,,,
663914,138,-4.42,-3.93,303,302,543,350.33, 
1.51,,,,,,,,
663930,138,-4.42,-3.93,303,302,543,350.33, 
1.51,,,,,,,,
663956,138,-4.42,-3.93,303,302,543,350.33, 
1.51,,,,,,,,
663972,138,-4.42,-3.93,303,302,543,350.33, 
1.51,,,,,,,,
663989,138,-4.42,-3.93,303,298,543,350.33, 
1.51,,,,,,,,
664005,138,-4.42,-3.93,303,302,543,350.33, 
1.51,,,,,,,,
664032,138,-4.42,-3.94,303,302,543,350.34, 
1.51,,,,,,,,
664075,138,-4.42,-3.94,303,303,543,350.34, 
1.51,,,,,,,,
664100,138,-4.42,-3.94,303,298,543,350.34, 
1.51,,,,,,,,
664126,138,-4.42,-3.94,303,303,543,350.35, 
1.51,,,,,,,,
664142,138,-4.42,-3.94,303,302,543,350.35, 
1.51,,,,,,,,
664159,138,-4.42,-3.94,303,302,543,350.35, 
1.51,,,,,,,,
664175,138,-4.42,-3.94,303,300,543,350.35, 
1.51,,,,,,,,
664209,138,-4.42,-3.94,303,303,543,350.37, 
1.51,,,,,,,,
664225,138,-4.42,-3.94,303,302,543,350.37, 
1.51,,,,,,,,
664242,138,-4.42,-3.94,303,302,543,350.37, 
1.51,,,,,,,,
664267,138,-4.42,-3.94,303,302,543,350.37, 
1.51,,,,,,,,
664283,138,-4.42,-3.94,303,302,543,350.37, 
1.51,,,,,,,,
664300,138,-4.42,-3.94,303,298,543,350.37, 
1.51,,,,,,,,
664326,138,-4.42,-3.93,303,302,543,350.38, 
1.51,,,,,,,,
664342,138,-4.42,-3.93,303,302,543,350.38, 
1.51,,,,,,,,
664357,138,-4.42,-3.93,303,301,543,350.38, 
1.51,,,,,,,,
664374,138,-4.42,-3.93,303,302,543,350.38, 
1.51,,,,,,,,
664399,138,-4.42,-3.93,303,298,543,350.38, 
1.51,,,,,,,,
664416,138,-4.41,-3.93,303,302,543,350.39, 
1.51,,,,,,,,
664432,138,-4.41,-3.93,303,302,543,350.39, 
1.51,,,,,,,,
664458,138,-4.41,-3.93,303,302,543,350.39, 
1.51,,,,,,,,
664474,138,-4.41,-3.93,303,302,543,350.39, 
1.51,,,,,,,,
664491,138,-4.41,-3.93,303,298,543,350.39, 
1.51,,,,,,,,
664508,138,-4.41,-3.93,303,302,543,350.39, 
1.51,,,,,,,,
664534,138,-4.41,-3.93,303,302,543,350.4, 
1.55,,,,,,,,
664578,138,-4.41,-3.93,303,304,543,350.4, 
1.51,,,,,,,,
664603,138,-4.41,-3.93,303,304,543,350.4, 
1.51,,,,,,,,
664630,138,-4.42,-3.93,303,303,543,350.42, 
1.51,,,,,,,,
664646,138,-4.42,-3.93,303,302,543,350.42, 
1.51,,,,,,,,
664663,138,-4.42,-3.93,303,302,543,350.42, 
1.51,,,,,,,,
664688,138,-4.42,-3.93,303,302,543,350.42, 
1.51,,,,,,,,
664706,138,-4.42,-3.93,303,303,543,350.42, 
1.51,,,,,,,,
664722,138,-4.41,-3.93,303,302,543,350.43, 
1.51,,,,,,,,
664738,138,-4.41,-3.93,303,303,543,350.43, 
1.51,,,,,,,,
664764,138,-4.41,-3.93,303,302,543,350.43, 
1.51,,,,,,,,
664780,138,-4.41,-3.93,303,302,543,350.43, 
1.51,,,,,,,,
664797,138,-4.41,-3.93,303,300,543,350.43, 
1.51,,,,,,,,
664823,138,-4.42,-3.93,303,303,543,350.44, 
1.51,,,,,,,,
664840,138,-4.42,-3.93,303,302,543,350.44, 
1.51,,,,,,,,
664856,138,-4.42,-3.93,303,302,543,350.44, 
1.51,,,,,,,,
664872,138,-4.42,-3.93,303,302,543,350.44, 
1.51,,,,,,,,
664898,138,-4.42,-3.93,303,300,543,350.44, 
1.51,,,,,,,,
664915,138,-4.41,-3.93,303,302,543,350.45, 
1.51,,,,,,,,
664932,138,-4.41,-3.93,303,302,543,350.45, 
1.51,,,,,,,,
664957,138,-4.41,-3.93,303,302,543,350.45, 
1.51,,,,,,,,
664974,138,-4.41,-3.93,303,302,543,350.45, 
1.51,,,,,,,,
664990,138,-4.41,-3.93,303,301,543,350.45, 
1.51,,,,,,,,
665017,138,-4.42,-3.93,303,302,543,350.46, 
1.51,,,,,,,,
665033,138,-4.42,-3.93,303,301,543,350.46, 
1.51,,,,,,,,
665049,138,-4.42,-3.93,303,301,543,350.46, 
1.51,,,,,,,,
665093,138,-4.42,-3.93,303,303,543,350.46, 
1.51,,,,,,,,
665128,138,-4.42,-3.93,303,303,543,350.47, 
1.51,,,,,,,,
665145,138,-4.42,-3.93,303,302,543,350.47, 
1.51,,,,,,,,
665161,138,-4.42,-3.93,303,302,543,350.47, 
1.51,,,,,,,,
665187,138,-4.42,-3.93,303,302,543,350.47, 
1.51,,,,,,,,
665203,138,-4.42,-3.93,303,300,543,350.47, 
1.51,,,,,,,,
665221,138,-4.42,-3.94,303,302,543,350.49, 
1.51,,,,,,,,
665246,138,-4.42,-3.94,303,302,543,350.49, 
1.51,,,,,,,,
665263,138,-4.42,-3.94,303,302,543,350.49, 
1.51,,,,,,,,
665279,138,-4.42,-3.94,303,302,543,350.49, 
1.51,,,,,,,,
665295,138,-4.42,-3.94,303,302,543,350.49, 
1.51,,,,,,,,
665325,138,-4.41,-3.94,303,302,543,350.5, 
1.51,,,,,,,,
665341,138,-4.41,-3.94,303,301,543,350.5, 
1.51,,,,,,,,
665358,138,-4.41,-3.94,303,301,543,350.5, 
1.51,,,,,,,,
665383,138,-4.41,-3.94,303,301,543,350.5, 
1.51,,,,,,,,
665400,138,-4.41,-3.94,303,299,543,350.5, 
1.51,,,,,,,,
665417,138,-4.41,-3.94,303,302,543,350.51, 
1.51,,,,,,,,
665443,138,-4.41,-3.94,303,302,543,350.51, 
1.51,,,,,,,,
665459,138,-4.41,-3.94,303,302,543,350.51, 
1.51,,,,,,,,
665476,138,-4.41,-3.94,303,302,543,350.51, 
1.51,,,,,,,,
665492,138,-4.41,-3.94,303,297,543,350.51, 
1.51,,,,,,,,
665519,138,-4.41,-3.94,303,302,543,350.52, 
1.51,,,,,,,,
665535,138,-4.41,-3.94,303,302,543,350.52, 
1.51,,,,,,,,
665551,138,-4.41,-3.94,303,302,543,350.52, 
1.51,,,,,,,,
665605,138,-4.41,-3.94,303,303,543,350.52, 
1.51,,,,,,,,
665630,138,-4.41,-3.94,303,303,543,350.53, 
1.51,,,,,,,,
665647,138,-4.41,-3.94,303,302,543,350.53, 
1.51,,,,,,,,
665673,138,-4.41,-3.94,303,302,543,350.53, 
1.51,,,,,,,,
665690,138,-4.41,-3.94,303,302,543,350.53, 
1.51,,,,,,,,
665706,138,-4.41,-3.94,303,301,543,350.53, 
1.51,,,,,,,,
665723,138,-4.41,-3.94,303,302,543,350.54, 
1.55,,,,,,,,
665749,138,-4.41,-3.94,303,302,543,350.54, 
1.51,,,,,,,,
665765,138,-4.41,-3.94,303,301,543,350.54, 
1.51,,,,,,,,
665782,138,-4.41,-3.94,303,302,543,350.54, 
1.51,,,,,,,,
665808,138,-4.41,-3.94,303,302,543,350.54, 
1.51,,,,,,,,
665825,138,-4.41,-3.94,303,301,543,350.55, 
1.51,,,,,,,,
665841,138,-4.41,-3.94,303,302,543,350.55, 
1.51,,,,,,,,
665867,138,-4.41,-3.94,303,302,543,350.55, 
1.51,,,,,,,,
665884,138,-4.41,-3.94,303,302,543,350.55, 
1.51,,,,,,,,
665901,138,-4.41,-3.94,303,301,543,350.55, 
1.51,,,,,,,,
665918,138,-4.41,-3.94,303,302,543,350.56, 
1.51,,,,,,,,
665943,138,-4.41,-3.94,303,301,543,350.56, 
1.51,,,,,,,,
665959,138,-4.41,-3.94,303,301,543,350.56, 
1.51,,,,,,,,
665974,138,-4.41,-3.94,303,301,543,350.56, 
1.51,,,,,,,,
666000,139,-4.41,-3.94,303,300,543,350.56, 
1.51,,,,,,,,
666016,139,-4.41,-3.94,303,301,543,350.57, 
1.51,,,,,,,,
666033,138,-4.41,-3.94,303,301,543,350.57, 
1.51,,,,,,,,
666049,138,-4.41,-3.94,303,301,543,350.57, 
1.51,,,,,,,,
666075,138,-4.41,-3.94,303,301,543,350.57, 
1.51,,,,,,,,
666120,138,-4.41,-3.94,303,303,543,350.58, 
1.51,,,,,,,,
666144,138,-4.41,-3.94,303,302,543,350.58, 
1.51,,,,,,,,
666170,138,-4.41,-3.94,303,302,543,350.58, 
1.55,,,,,,,,
666186,138,-4.41,-3.94,303,302,543,350.58, 
1.51,,,,,,,,
666202,138,-4.41,-3.94,303,299,543,350.58, 
1.51,,,,,,,,
666228,138,-4.41,-3.94,303,302,543,350.6, 
1.51,,,,,,,,
666245,138,-4.41,-3.94,303,301,543,350.6, 
1.51,,,,,,,,
666261,138,-4.41,-3.94,303,301,543,350.6, 
1.51,,,,,,,,
666277,138,-4.41,-3.94,303,301,543,350.6, 
1.51,,,,,,,,
666303,138,-4.41,-3.94,303,296,543,350.6, 
1.51,,,,,,,,
666320,138,-4.41,-3.94,303,302,543,350.61, 
1.51,,,,,,,,
666337,138,-4.41,-3.94,303,302,543,350.61, 
1.51,,,,,,,,
666362,138,-4.41,-3.94,303,302,543,350.61, 
1.51,,,,,,,,
666379,138,-4.41,-3.94,303,302,543,350.61, 
1.51,,,,,,,,
666395,138,-4.41,-3.94,303,299,543,350.61, 
1.51,,,,,,,,
666412,138,-4.41,-3.94,303,303,543,350.61, 
1.51,,,,,,,,
666441,138,-4.41,-3.94,303,302,543,350.62, 
1.51,,,,,,,,
666458,138,-4.41,-3.94,303,302,543,350.62, 
1.51,,,,,,,,
666473,139,-4.41,-3.94,303,302,543,350.62, 
1.51,,,,,,,,
666499,138,-4.41,-3.94,303,299,543,350.62, 
1.51,,,,,,,,
666516,138,-4.41,-3.94,303,302,543,350.63, 
1.51,,,,,,,,
666532,138,-4.41,-3.94,303,302,543,350.63, 
1.51,,,,,,,,
666558,138,-4.41,-3.94,303,302,543,350.63, 
1.51,,,,,,,,
666574,138,-4.41,-3.94,303,302,543,350.63, 
1.51,,,,,,,,
666591,138,-4.41,-3.94,303,302,543,350.63, 
1.51,,,,,,,,
666636,138,-4.41,-3.94,303,303,543,350.64, 
1.51,,,,,,,,
666671,138,-4.41,-3.94,303,303,543,350.64, 
1.51,,,,,,,,
666687,138,-4.41,-3.94,303,302,543,350.64, 
1.55,,,,,,,,
666703,139,-4.41,-3.94,303,299,543,350.64, 
1.51,,,,,,,,
666730,138,-4.41,-3.96,303,302,543,350.65, 
1.51,,,,,,,,
666745,138,-4.41,-3.96,303,302,543,350.65, 
1.51,,,,,,,,
666762,138,-4.41,-3.96,303,302,543,350.65, 
1.51,,,,,,,,
666787,138,-4.41,-3.96,303,302,543,350.65, 
1.51,,,,,,,,
666803,138,-4.41,-3.96,303,301,543,350.65, 
1.51,,,,,,,,
666820,138,-4.41,-3.96,303,302,543,350.66, 
1.51,,,,,,,,
666835,138,-4.41,-3.96,303,302,543,350.66, 
1.51,,,,,,,,
666861,138,-4.41,-3.96,303,302,543,350.66, 
1.51,,,,,,,,
666876,138,-4.41,-3.96,303,302,543,350.66, 
1.51,,,,,,,,
666893,138,-4.41,-3.96,303,302,543,350.66, 
1.51,,,,,,,,
666919,138,-4.42,-3.96,303,302,543,350.67, 
1.51,,,,,,,,
666936,139,-4.42,-3.96,303,301,543,350.67, 
1.51,,,,,,,,
666952,138,-4.42,-3.96,303,301,543,350.67, 
1.51,,,,,,,,
666969,138,-4.42,-3.96,303,301,543,350.67, 
1.51,,,,,,,,
666994,138,-4.42,-3.96,303,301,543,350.67, 
1.51,,,,,,,,
667012,138,-4.42,-3.96,303,302,543,350.67, 
1.51,,,,,,,,
667028,138,-4.42,-3.96,303,302,543,350.68, 
1.51,,,,,,,,
667054,138,-4.42,-3.96,303,302,543,350.68, 
1.51,,,,,,,,
667070,138,-4.42,-3.96,303,302,543,350.68, 
1.51,,,,,,,,
667086,138,-4.42,-3.96,303,301,543,350.68, 
1.51,,,,,,,,
667141,138,-4.42,-3.96,303,303,543,350.71, 
1.51,,,,,,,,
667165,138,-4.42,-3.96,303,302,543,350.71, 
1.51,,,,,,,,
667182,138,-4.42,-3.96,303,302,543,350.71, 
1.51,,,,,,,,
667197,138,-4.42,-3.96,303,298,543,350.71, 
1.51,,,,,,,,
667224,138,-4.42,-3.96,303,303,543,350.72, 
1.51,,,,,,,,
667240,138,-4.42,-3.96,303,302,543,350.72, 
1.51,,,,,,,,
667256,138,-4.42,-3.96,303,302,543,350.72, 
1.51,,,,,,,,
667282,138,-4.42,-3.96,303,302,543,350.72, 
1.51,,,,,,,,
667298,138,-4.42,-3.96,303,299,543,350.72, 
1.51,,,,,,,,
667315,138,-4.42,-3.96,303,302,543,350.72, 
1.51,,,,,,,,
667341,138,-4.42,-3.96,303,302,543,350.73, 
1.51,,,,,,,,
667358,138,-4.42,-3.96,303,302,543,350.73, 
1.51,,,,,,,,
667374,138,-4.42,-3.96,303,301,543,350.73, 
1.51,,,,,,,,
667390,138,-4.42,-3.96,303,298,543,350.73, 
1.51,,,,,,,,
667416,138,-4.42,-3.96,303,302,543,350.73, 
1.51,,,,,,,,
667432,138,-4.41,-3.96,303,302,543,350.74, 
1.51,,,,,,,,
667450,138,-4.41,-3.96,303,302,543,350.74, 
1.51,,,,,,,,
667475,138,-4.41,-3.96,303,302,543,350.74, 
1.51,,,,,,,,
667492,138,-4.41,-3.96,303,301,543,350.74, 
1.51,,,,,,,,
667508,138,-4.41,-3.96,303,297,543,350.74, 
1.51,,,,,,,,
667526,138,-4.41,-3.96,303,303,543,350.75, 
1.51,,,,,,,,
667583,138,-4.41,-3.96,303,303,543,350.75, 
1.51,,,,,,,,
667598,138,-4.41,-3.96,303,299,543,350.75, 
1.51,,,,,,,,
667643,138,-4.41,-3.96,303,304,543,350.76, 
1.51,,,,,,,,
667678,138,-4.41,-3.96,303,303,543,350.76, 
1.51,,,,,,,,
667695,138,-4.41,-3.96,303,303,543,350.76, 
1.51,,,,,,,,
667711,138,-4.41,-3.96,303,298,543,350.76, 
1.51,,,,,,,,
667738,138,-4.41,-3.96,303,302,543,350.77, 
1.51,,,,,,,,
667754,138,-4.41,-3.96,303,302,543,350.77, 
1.51,,,,,,,,
667770,138,-4.41,-3.96,303,302,543,350.77, 
1.51,,,,,,,,
667787,138,-4.41,-3.96,303,302,543,350.77, 
1.51,,,,,,,,
667812,138,-4.41,-3.96,303,302,543,350.77, 
1.51,,,,,,,,
667830,138,-4.41,-3.96,303,302,543,350.78, 
1.51,,,,,,,,
667846,138,-4.41,-3.96,303,301,543,350.78, 
1.51,,,,,,,,
667872,138,-4.41,-3.96,303,302,543,350.78, 
1.51,,,,,,,,
667888,138,-4.41,-3.96,303,301,543,350.78, 
1.51,,,,,,,,
667905,138,-4.41,-3.96,303,297,543,350.78, 
1.51,,,,,,,,
667931,138,-4.41,-3.96,303,301,543,350.79, 
1.51,,,,,,,,
667948,138,-4.41,-3.96,303,301,543,350.79, 
1.51,,,,,,,,
667964,138,-4.41,-3.96,303,301,543,350.79, 
1.51,,,,,,,,
667980,138,-4.41,-3.96,303,302,543,350.79, 
1.51,,,,,,,,
668006,138,-4.41,-3.96,303,300,543,350.79, 
1.51,,,,,,,,
668023,138,-4.42,-3.96,303,301,543,350.8, 
1.51,,,,,,,,
668040,138,-4.42,-3.96,303,301,543,350.8, 
1.51,,,,,,,,
668065,138,-4.42,-3.96,303,302,543,350.8, 
1.51,,,,,,,,
668082,138,-4.42,-3.96,303,301,543,350.8, 
1.51,,,,,,,,
668098,138,-4.42,-3.96,303,301,543,350.8, 
1.51,,,,,,,,
668152,138,-4.42,-3.94,303,304,543,350.82, 
1.51,,,,,,,,
668177,138,-4.42,-3.94,303,303,543,350.82, 
1.51,,,,,,,,
668193,138,-4.42,-3.94,303,302,543,350.82, 
1.51,,,,,,,,
668209,138,-4.42,-3.94,303,303,543,350.82, 
1.51,,,,,,,,
668235,138,-4.42,-3.94,303,302,543,350.83, 
1.51,,,,,,,,
668251,138,-4.42,-3.94,303,302,543,350.83, 
1.51,,,,,,,,
668267,138,-4.42,-3.94,303,301,543,350.83, 
1.51,,,,,,,,
668293,138,-4.42,-3.94,303,302,543,350.83, 
1.51,,,,,,,,
668308,138,-4.42,-3.94,303,297,543,350.83, 
1.51,,,,,,,,
668325,138,-4.42,-3.94,303,302,543,350.84, 
1.51,,,,,,,,
668342,138,-4.42,-3.94,303,302,543,350.84, 
1.51,,,,,,,,
668367,138,-4.42,-3.94,303,302,543,350.84, 
1.51,,,,,,,,
668384,138,-4.42,-3.94,303,302,543,350.84, 
1.51,,,,,,,,
668400,138,-4.42,-3.94,303,299,543,350.84, 
1.51,,,,,,,,
668427,138,-4.42,-3.96,303,302,543,350.85, 
1.51,,,,,,,,
668443,138,-4.42,-3.96,303,301,543,350.85, 
1.51,,,,,,,,
668459,138,-4.42,-3.96,303,301,543,350.85, 
1.51,,,,,,,,
668484,138,-4.42,-3.96,303,302,543,350.85, 
1.51,,,,,,,,
668499,138,-4.42,-3.96,303,300,543,350.85, 
1.51,,,,,,,,
668516,138,-4.42,-3.96,303,302,543,350.85, 
1.51,,,,,,,,
668532,138,-4.42,-3.96,303,301,543,350.86, 
1.51,,,,,,,,
668558,138,-4.42,-3.96,303,302,543,350.86, 
1.51,,,,,,,,
668574,138,-4.42,-3.96,303,301,543,350.86, 
1.51,,,,,,,,
668590,138,-4.42,-3.96,303,301,543,350.86, 
1.51,,,,,,,,
668615,138,-4.42,-3.96,303,302,543,350.86, 
1.51,,,,,,,,
668663,138,-4.42,-3.96,303,303,543,350.87, 
1.51,,,,,,,,
668688,138,-4.42,-3.96,303,302,543,350.87, 
1.51,,,,,,,,
668704,138,-4.42,-3.96,303,301,543,350.87, 
1.51,,,,,,,,
668731,138,-4.42,-3.96,303,302,543,350.88, 
1.51,,,,,,,,
668747,138,-4.42,-3.96,303,302,543,350.88, 
1.51,,,,,,,,
668764,138,-4.42,-3.96,303,301,543,350.88, 
1.51,,,,,,,,
668789,138,-4.42,-3.96,303,302,543,350.88, 
1.51,,,,,,,,
668806,138,-4.42,-3.96,303,298,543,350.88, 
1.55,,,,,,,,
668823,138,-4.42,-3.96,303,302,543,350.89, 
1.51,,,,,,,,
668849,138,-4.42,-3.96,303,302,543,350.89, 
1.51,,,,,,,,
668865,138,-4.42,-3.96,303,302,543,350.89, 
1.51,,,,,,,,
668881,138,-4.42,-3.96,303,302,543,350.89, 
1.55,,,,,,,,
668898,138,-4.42,-3.96,303,299,543,350.89, 
1.51,,,,,,,,
668924,138,-4.42,-3.96,303,302,543,350.91, 
1.51,,,,,,,,
668941,138,-4.42,-3.96,303,302,543,350.91, 
1.51,,,,,,,,
668957,138,-4.42,-3.96,303,302,543,350.91, 
1.51,,,,,,,,
668983,138,-4.42,-3.96,303,302,543,350.91, 
1.51,,,,,,,,
668999,138,-4.42,-3.96,303,302,543,350.91, 
1.51,,,,,,,,
669016,138,-4.42,-3.96,303,302,543,350.91, 
1.51,,,,,,,,
669033,138,-4.42,-3.96,303,302,543,350.93, 
1.51,,,,,,,,
669059,138,-4.42,-3.96,303,302,543,350.93, 
1.51,,,,,,,,
669075,138,-4.42,-3.96,303,301,543,350.93, 
1.51,,,,,,,,
669091,138,-4.42,-3.96,303,301,543,350.93, 
1.51,,,,,,,,
669118,138,-4.42,-3.96,303,301,543,350.93, 
1.51,,,,,,,,
669162,138,-4.42,-3.96,303,303,543,350.94, 
1.51,,,,,,,,
669188,138,-4.42,-3.96,303,302,543,350.94, 
1.51,,,,,,,,
669213,138,-4.42,-3.96,303,299,543,350.94, 
1.51,,,,,,,,
669231,138,-4.42,-3.96,303,303,543,350.95, 
1.51,,,,,,,,
669247,138,-4.42,-3.96,303,302,543,350.95, 
1.51,,,,,,,,
669263,138,-4.42,-3.96,303,303,543,350.95, 
1.51,,,,,,,,
669289,138,-4.42,-3.96,303,302,543,350.95, 
1.51,,,,,,,,
669305,138,-4.42,-3.96,303,298,543,350.95, 
1.51,,,,,,,,
669323,138,-4.42,-3.96,303,302,543,350.95, 
1.51,,,,,,,,
669348,138,-4.42,-3.96,303,302,543,350.96, 
1.51,,,,,,,,
669365,138,-4.42,-3.96,303,302,543,350.96, 
1.51,,,,,,,,
669381,138,-4.42,-3.96,303,302,543,350.96, 
1.51,,,,,,,,
669407,138,-4.42,-3.96,303,297,543,350.96, 
1.51,,,,,,,,
669424,138,-4.42,-3.96,303,302,543,350.96, 
1.51,,,,,,,,
669441,139,-4.42,-3.96,303,301,543,350.97, 
1.51,,,,,,,,
669457,138,-4.42,-3.96,303,302,543,350.97, 
1.51,,,,,,,,
669483,138,-4.42,-3.96,303,301,543,350.97, 
1.51,,,,,,,,
669499,138,-4.42,-3.96,303,301,543,350.97, 
1.51,,,,,,,,
669515,138,-4.42,-3.96,303,299,543,350.97, 
1.51,,,,,,,,
669542,138,-4.42,-3.96,303,302,543,350.98, 
1.51,,,,,,,,
669558,138,-4.42,-3.96,303,301,543,350.98, 
1.51,,,,,,,,
669575,138,-4.42,-3.96,303,301,543,350.98, 
1.51,,,,,,,,
669600,138,-4.42,-3.96,303,302,543,350.98, 
1.51,,,,,,,,
669618,138,-4.42,-3.96,303,300,543,350.98, 
1.51,,,,,,,,
669662,138,-4.42,-3.96,303,303,543,350.99, 
1.51,,,,,,,,
669687,138,-4.42,-3.96,303,303,543,350.99, 
1.51,,,,,,,,
669713,139,-4.42,-3.96,303,297,543,350.99, 
1.51,,,,,,,,
669730,138,-4.42,-3.96,303,302,543,351, 
1.51,,,,,,,,
669747,138,-4.42,-3.96,303,302,543,351, 
1.51,,,,,,,,
669771,138,-4.42,-3.96,303,302,543,351, 
1.51,,,,,,,,
669788,138,-4.42,-3.96,303,302,543,351, 
1.51,,,,,,,,
669804,138,-4.42,-3.96,303,301,543,351, 
1.55,,,,,,,,
669820,138,-4.42,-3.96,303,302,543,351, 
1.51,,,,,,,,
669849,138,-4.42,-3.96,303,302,543,351.01, 
1.51,,,,,,,,
669865,138,-4.42,-3.96,303,301,543,351.01, 
1.51,,,,,,,,
669882,138,-4.42,-3.96,303,302,543,351.01, 
1.51,,,,,,,,
669907,138,-4.42,-3.96,303,298,543,351.01, 
1.51,,,,,,,,
669925,138,-4.42,-3.96,303,302,543,351.01, 
1.51,,,,,,,,
669941,138,-4.42,-3.96,303,302,543,351.02, 
1.51,,,,,,,,
669967,138,-4.42,-3.96,303,302,543,351.02, 
1.51,,,,,,,,
669983,138,-4.42,-3.96,303,301,543,351.02, 
1.51,,,,,,,,
670000,138,-4.42,-3.96,303,302,543,351.02, 
1.51,,,,,,,,
670017,138,-4.42,-3.96,303,302,543,351.02, 
1.51,,,,,,,,
670044,139,-4.42,-3.94,303,302,543,351.04, 
1.51,,,,,,,,
670060,138,-4.42,-3.94,303,301,543,351.04, 
1.51,,,,,,,,
670076,138,-4.42,-3.94,303,301,543,351.04, 
1.51,,,,,,,,
670102,138,-4.42,-3.94,303,302,543,351.04, 
1.51,,,,,,,,
670118,138,-4.42,-3.94,303,300,543,351.04, 
1.51,,,,,,,,
670163,138,-4.42,-3.94,303,303,543,351.05, 
1.51,,,,,,,,
670197,138,-4.42,-3.94,303,303,543,351.05, 
1.51,,,,,,,,
670214,138,-4.42,-3.94,303,301,543,351.05, 
1.51,,,,,,,,
670230,138,-4.42,-3.96,303,302,543,351.06, 
1.51,,,,,,,,
670246,138,-4.42,-3.96,303,303,543,351.06, 
1.51,,,,,,,,
670272,138,-4.42,-3.96,303,302,543,351.06, 
1.51,,,,,,,,
670288,138,-4.42,-3.96,303,302,543,351.06, 
1.51,,,,,,,,
670305,138,-4.42,-3.96,303,300,543,351.06, 
1.51,,,,,,,,
670331,138,-4.42,-3.94,303,302,543,351.07, 
1.51,,,,,,,,
670348,138,-4.42,-3.94,303,302,543,351.07, 
1.51,,,,,,,,
670365,138,-4.42,-3.94,303,301,543,351.07, 
1.51,,,,,,,,
670391,138,-4.42,-3.94,303,302,543,351.07, 
1.51,,,,,,,,
670407,138,-4.42,-3.94,303,299,543,351.07, 
1.51,,,,,,,,
670425,138,-4.42,-3.94,303,302,543,351.07, 
1.51,,,,,,,,
670442,138,-4.42,-3.94,303,302,543,351.08, 
1.51,,,,,,,,
670468,138,-4.42,-3.94,303,302,543,351.08, 
1.51,,,,,,,,
670484,138,-4.42,-3.94,303,302,543,351.08, 
1.51,,,,,,,,
670500,138,-4.42,-3.94,303,302,543,351.08, 
1.55,,,,,,,,
670527,138,-4.42,-3.94,303,302,543,351.09, 
1.51,,,,,,,,
670543,138,-4.42,-3.94,303,302,543,351.09, 
1.51,,,,,,,,
670559,138,-4.42,-3.94,303,302,543,351.09, 
1.51,,,,,,,,
670584,138,-4.42,-3.94,303,301,543,351.09, 
1.51,,,,,,,,
670600,138,-4.42,-3.94,303,302,543,351.09, 
1.55,,,,,,,,
670616,138,-4.42,-3.94,303,297,543,351.09, 
1.51,,,,,,,,
670632,138,-4.42,-3.94,303,302,543,351.1, 
1.51,,,,,,,,
670686,138,-4.42,-3.94,303,303,543,351.1, 
1.51,,,,,,,,
670710,138,-4.42,-3.94,303,300,543,351.1, 
1.51,,,,,,,,
670728,138,-4.42,-3.94,303,302,543,351.11, 
1.51,,,,,,,,
670753,138,-4.42,-3.94,303,302,543,351.11, 
1.51,,,,,,,,
670769,138,-4.42,-3.94,303,302,543,351.11, 
1.55,,,,,,,,
670785,138,-4.42,-3.94,303,302,543,351.11, 
1.51,,,,,,,,
670800,138,-4.42,-3.94,303,298,543,351.11, 
1.51,,,,,,,,
670826,138,-4.42,-3.94,303,302,543,351.11, 
1.51,,,,,,,,
670842,138,-4.43,-3.94,303,301,543,351.12, 
1.51,,,,,,,,
670859,138,-4.43,-3.94,303,301,543,351.12, 
1.51,,,,,,,,
670885,138,-4.43,-3.94,303,301,543,351.12, 
1.51,,,,,,,,
670902,138,-4.43,-3.94,303,301,543,351.12, 
1.51,,,,,,,,
670918,138,-4.43,-3.94,303,299,543,351.12, 
1.51,,,,,,,,
670948,138,-4.43,-3.94,303,302,543,351.13, 
1.51,,,,,,,,
670964,138,-4.43,-3.94,303,302,543,351.13, 
1.51,,,,,,,,
670981,138,-4.43,-3.94,303,301,543,351.13, 
1.51,,,,,,,,
670997,138,-4.43,-3.94,303,302,543,351.13, 
1.51,,,,,,,,
671023,138,-4.43,-3.94,303,301,543,351.13, 
1.51,,,,,,,,
671040,138,-4.42,-3.94,303,301,543,351.15, 
1.51,,,,,,,,
671056,138,-4.42,-3.94,303,301,543,351.15, 
1.51,,,,,,,,
671082,138,-4.42,-3.94,303,301,543,351.15, 
1.51,,,,,,,,
671098,138,-4.42,-3.94,303,301,543,351.15, 
1.51,,,,,,,,
671115,138,-4.42,-3.94,303,301,543,351.15, 
1.51,,,,,,,,
671141,138,-4.42,-3.94,303,302,543,351.16, 
1.51,,,,,,,,
671185,138,-4.42,-3.94,303,304,543,351.16, 
1.51,,,,,,,,
671211,138,-4.42,-3.94,303,300,543,351.16, 
1.51,,,,,,,,
671227,138,-4.42,-3.94,303,303,543,351.16, 
1.51,,,,,,,,
671254,138,-4.42,-3.93,303,302,543,351.17, 
1.51,,,,,,,,
671270,138,-4.42,-3.93,303,302,543,351.17, 
1.51,,,,,,,,
671287,138,-4.42,-3.93,303,302,543,351.17, 
1.51,,,,,,,,
671312,138,-4.42,-3.93,303,299,543,351.17, 
1.51,,,,,,,,
671330,138,-4.42,-3.93,303,302,543,351.17, 
1.51,,,,,,,,
671346,138,-4.43,-3.94,303,302,543,351.18, 
1.51,,,,,,,,
671372,138,-4.43,-3.94,303,302,543,351.18, 
1.51,,,,,,,,
671388,138,-4.43,-3.94,303,302,543,351.18, 
1.51,,,,,,,,
671405,138,-4.43,-3.94,303,301,543,351.18, 
1.51,,,,,,,,
671422,138,-4.43,-3.94,303,302,543,351.18, 
1.51,,,,,,,,
671448,138,-4.43,-3.94,303,301,543,351.19, 
1.51,,,,,,,,
671465,138,-4.43,-3.94,303,302,543,351.19, 
1.51,,,,,,,,
671481,138,-4.43,-3.94,303,301,543,351.19, 
1.51,,,,,,,,
671507,138,-4.43,-3.94,303,301,543,351.19, 
1.51,,,,,,,,
671523,138,-4.43,-3.94,303,302,543,351.19, 
1.51,,,,,,,,
671541,138,-4.42,-3.94,303,302,543,351.2, 
1.51,,,,,,,,
671566,138,-4.42,-3.94,303,301,543,351.2, 
1.51,,,,,,,,
671583,138,-4.42,-3.94,303,301,543,351.2, 
1.51,,,,,,,,
671599,138,-4.42,-3.94,303,301,543,351.2, 
1.51,,,,,,,,
671616,138,-4.42,-3.94,303,302,543,351.2, 
1.51,,,,,,,,
671642,138,-4.42,-3.94,303,301,543,351.21, 
1.51,,,,,,,,
671686,138,-4.42,-3.94,303,303,543,351.21, 
1.51,,,,,,,,
671712,138,-4.42,-3.94,303,298,543,351.21, 
1.51,,,,,,,,
671738,138,-4.42,-3.94,303,302,543,351.22, 
1.51,,,,,,,,
671755,138,-4.42,-3.94,303,302,543,351.22, 
1.51,,,,,,,,
671771,138,-4.42,-3.94,303,302,543,351.22, 
1.51,,,,,,,,
671788,138,-4.42,-3.94,303,302,543,351.22, 
1.51,,,,,,,,
671813,138,-4.42,-3.94,303,299,543,351.22, 
1.51,,,,,,,,
671831,138,-4.42,-3.94,303,302,543,351.22, 
1.51,,,,,,,,
671847,138,-4.42,-3.94,303,303,543,351.23, 
1.55,,,,,,,,
671873,138,-4.42,-3.94,303,302,543,351.23, 
1.51,,,,,,,,
671888,138,-4.42,-3.94,303,302,543,351.23, 
1.51,,,,,,,,
671904,138,-4.42,-3.94,303,301,543,351.23, 
1.51,,,,,,,,
671930,138,-4.42,-3.94,303,302,543,351.23, 
1.51,,,,,,,,
671946,138,-4.42,-3.94,303,302,543,351.25, 
1.51,,,,,,,,
671963,138,-4.42,-3.94,303,301,543,351.25, 
1.51,,,,,,,,
671979,138,-4.42,-3.94,303,302,543,351.25, 
1.51,,,,,,,,
672006,138,-4.42,-3.94,303,302,543,351.25, 
1.51,,,,,,,,
672022,138,-4.42,-3.94,303,298,543,351.25, 
1.51,,,,,,,,
672039,138,-4.42,-3.94,303,301,543,351.25, 
1.51,,,,,,,,
672096,138,-4.42,-3.94,303,303,543,351.25, 
1.51,,,,,,,,
672112,138,-4.42,-3.94,303,298,543,351.25, 
1.51,,,,,,,,
672130,138,-4.42,-3.94,303,302,543,351.25, 
1.51,,,,,,,,
672156,138,-4.42,-3.93,303,302,543,351.28, 
1.51,,,,,,,,
672200,138,-4.42,-3.93,303,303,543,351.28, 
1.51,,,,,,,,
672226,138,-4.42,-3.93,303,302,543,351.28, 
1.51,,,,,,,,
672242,138,-4.42,-3.93,303,303,543,351.29, 
1.51,,,,,,,,
672268,138,-4.42,-3.93,303,302,543,351.29, 
1.51,,,,,,,,
672284,138,-4.42,-3.93,303,302,543,351.29, 
1.51,,,,,,,,
672302,138,-4.42,-3.93,303,302,543,351.29, 
1.51,,,,,,,,
672327,138,-4.42,-3.93,303,302,543,351.29, 
1.51,,,,,,,,
672345,138,-4.42,-3.94,303,302,543,351.3, 
1.51,,,,,,,,
672361,138,-4.42,-3.94,303,301,543,351.3, 
1.51,,,,,,,,
672387,138,-4.42,-3.94,303,302,543,351.3, 
1.51,,,,,,,,
672403,138,-4.42,-3.94,303,301,543,351.3, 
1.51,,,,,,,,
672419,138,-4.42,-3.94,303,300,543,351.3, 
1.51,,,,,,,,
672437,138,-4.42,-3.94,303,302,543,351.31, 
1.51,,,,,,,,
672462,138,-4.42,-3.94,303,302,543,351.31, 
1.51,,,,,,,,
672479,138,-4.42,-3.94,303,302,543,351.31, 
1.51,,,,,,,,
672495,138,-4.42,-3.94,303,302,543,351.31, 
1.51,,,,,,,,
672530,138,-4.42,-3.94,303,302,543,351.31, 
1.51,,,,,,,,
672547,138,-4.42,-3.94,303,302,543,351.32, 
1.51,,,,,,,,
672564,138,-4.42,-3.94,303,301,543,351.32, 
1.51,,,,,,,,
672596,138,-4.42,-3.94,303,302,543,351.32, 
1.51,,,,,,,,
672613,139,-4.42,-3.94,303,299,543,351.32, 
1.51,,,,,,,,
672630,138,-4.42,-3.94,303,302,543,351.32, 
1.51,,,,,,,,
672647,138,-4.42,-3.94,303,302,543,351.33, 
1.51,,,,,,,,
672701,138,-4.42,-3.94,303,304,543,351.33, 
1.51,,,,,,,,
672727,138,-4.42,-3.94,303,302,543,351.33, 
1.51,,,,,,,,
672743,138,-4.42,-3.94,303,303,543,351.34, 
1.51,,,,,,,,
672769,138,-4.42,-3.94,303,303,543,351.34, 
1.51,,,,,,,,
672785,138,-4.42,-3.94,303,302,543,351.34, 
1.51,,,,,,,,
672801,138,-4.42,-3.94,303,302,543,351.34, 
1.51,,,,,,,,
672828,138,-4.42,-3.94,303,302,543,351.34, 
1.51,,,,,,,,
672844,138,-4.42,-3.94,303,302,543,351.35, 
1.51,,,,,,,,
672861,138,-4.42,-3.94,303,301,543,351.35, 
1.51,,,,,,,,
672877,138,-4.42,-3.94,303,302,543,351.35, 
1.51,,,,,,,,
672903,138,-4.42,-3.94,303,301,543,351.35, 
1.51,,,,,,,,
672919,138,-4.42,-3.94,303,297,543,351.35, 
1.51,,,,,,,,
672936,138,-4.42,-3.94,303,302,543,351.36, 
1.51,,,,,,,,
672962,138,-4.42,-3.94,303,302,543,351.36, 
1.51,,,,,,,,
672978,138,-4.42,-3.94,303,302,543,351.36, 
1.51,,,,,,,,
672995,138,-4.42,-3.94,303,301,543,351.36, 
1.51,,,,,,,,
673011,138,-4.42,-3.94,303,301,543,351.36, 
1.51,,,,,,,,
673038,139,-4.42,-3.94,303,302,543,351.38, 
1.51,,,,,,,,
673054,138,-4.42,-3.94,303,302,543,351.38, 
1.51,,,,,,,,
673070,138,-4.42,-3.94,303,302,543,351.38, 
1.51,,,,,,,,
673095,138,-4.42,-3.94,303,302,543,351.38, 
1.51,,,,,,,,
673112,138,-4.42,-3.94,303,301,543,351.38, 
1.51,,,,,,,,
673128,138,-4.42,-3.94,303,301,543,351.38, 
1.51,,,,,,,,
673154,138,-4.42,-3.94,303,301,543,351.39, 
1.51,,,,,,,,
673170,138,-4.42,-3.94,303,302,543,351.39, 
1.51,,,,,,,,
673218,138,-4.42,-3.94,303,303,543,351.39, 
1.51,,,,,,,,
673245,138,-4.42,-3.94,303,303,543,351.4, 
1.51,,,,,,,,
673270,138,-4.42,-3.94,303,303,543,351.4, 
1.51,,,,,,,,
673287,138,-4.42,-3.94,303,302,543,351.4, 
1.51,,,,,,,,
673303,138,-4.42,-3.94,303,302,543,351.4, 
1.51,,,,,,,,
673330,138,-4.42,-3.94,303,302,543,351.4, 
1.51,,,,,,,,
673346,138,-4.42,-3.94,303,302,543,351.41, 
1.51,,,,,,,,
673362,138,-4.42,-3.94,303,302,543,351.41, 
1.51,,,,,,,,
673388,138,-4.42,-3.94,303,301,543,351.41, 
1.51,,,,,,,,
673403,138,-4.42,-3.94,303,302,543,351.41, 
1.51,,,,,,,,
673420,138,-4.42,-3.94,303,299,543,351.41, 
1.51,,,,,,,,
673436,138,-4.42,-3.94,303,302,543,351.42, 
1.51,,,,,,,,
673462,138,-4.42,-3.94,303,302,543,351.42, 
1.51,,,,,,,,
673479,138,-4.42,-3.94,303,302,543,351.42, 
1.51,,,,,,,,
673496,138,-4.42,-3.94,303,301,543,351.42, 
1.51,,,,,,,,
673521,138,-4.42,-3.94,303,299,543,351.42, 
1.51,,,,,,,,
673540,138,-4.42,-3.94,303,302,543,351.43, 
1.51,,,,,,,,
673556,138,-4.42,-3.94,303,301,543,351.43, 
1.51,,,,,,,,
673582,138,-4.42,-3.94,303,302,543,351.43, 
1.51,,,,,,,,
673598,138,-4.42,-3.94,303,301,543,351.43, 
1.51,,,,,,,,
673613,138,-4.42,-3.94,303,302,543,351.43, 
1.55,,,,,,,,
673631,138,-4.42,-3.94,303,302,543,351.43, 
1.51,,,,,,,,
673656,138,-4.42,-3.94,303,301,543,351.44, 
1.51,,,,,,,,
673673,138,-4.42,-3.94,303,301,543,351.44, 
1.51,,,,,,,,
673716,138,-4.42,-3.94,303,299,543,351.44, 
1.51,,,,,,,,
673752,138,-4.42,-3.94,303,303,543,351.45, 
1.51,,,,,,,,
673768,138,-4.42,-3.94,303,303,543,351.45, 
1.51,,,,,,,,
673784,138,-4.42,-3.94,303,302,543,351.45, 
1.51,,,,,,,,
673801,138,-4.42,-3.94,303,302,543,351.45, 
1.51,,,,,,,,
673826,138,-4.42,-3.94,303,297,543,351.45, 
1.51,,,,,,,,
673844,138,-4.41,-3.94,303,302,543,351.46, 
1.51,,,,,,,,
673860,138,-4.41,-3.94,303,303,543,351.46, 
1.51,,,,,,,,
673885,139,-4.41,-3.94,303,302,543,351.46, 
1.51,,,,,,,,
673901,138,-4.41,-3.94,303,302,543,351.46, 
1.51,,,,,,,,
673916,138,-4.41,-3.94,303,299,543,351.46, 
1.51,,,,,,,,
673943,138,-4.41,-3.94,303,302,543,351.47, 
1.51,,,,,,,,
673959,138,-4.41,-3.94,303,302,543,351.47, 
1.51,,,,,,,,
673975,138,-4.41,-3.94,303,302,543,351.47, 
1.51,,,,,,,,
673991,138,-4.41,-3.94,303,302,543,351.47, 
1.51,,,,,,,,
674016,138,-4.41,-3.94,303,300,543,351.47, 
1.51,,,,,,,,
674032,138,-4.41,-3.94,303,302,543,351.47, 
1.51,,,,,,,,
674049,138,-4.41,-3.94,303,302,543,351.49, 
1.51,,,,,,,,
674075,138,-4.41,-3.94,303,302,543,351.49, 
1.51,,,,,,,,
674092,138,-4.41,-3.94,303,302,543,351.49, 
1.51,,,,,,,,
674108,138,-4.41,-3.94,303,301,543,351.49, 
1.51,,,,,,,,
674134,138,-4.41,-3.94,303,302,543,351.49, 
1.51,,,,,,,,
674151,138,-4.42,-3.94,303,301,543,351.5, 
1.51,,,,,,,,
674167,138,-4.42,-3.94,303,302,543,351.5, 
1.51,,,,,,,,
674184,138,-4.42,-3.94,303,302,543,351.5, 
1.51,,,,,,,,
674238,138,-4.42,-3.94,303,303,543,351.5, 
1.51,,,,,,,,
674264,138,-4.42,-3.94,303,302,543,351.51, 
1.51,,,,,,,,
674280,138,-4.42,-3.94,303,302,543,351.51, 
1.51,,,,,,,,
674306,138,-4.42,-3.94,303,302,543,351.51, 
1.51,,,,,,,,
674322,138,-4.42,-3.94,303,300,543,351.51, 
1.51,,,,,,,,
674339,138,-4.42,-3.94,303,303,543,351.53, 
1.51,,,,,,,,
674356,138,-4.42,-3.94,303,303,543,351.53, 
1.51,,,,,,,,
674384,138,-4.42,-3.94,303,302,543,351.53, 
1.55,,,,,,,,
674401,138,-4.42,-3.94,303,302,543,351.53, 
1.51,,,,,,,,
674417,138,-4.42,-3.94,303,299,543,351.53, 
1.51,,,,,,,,
674444,138,-4.42,-3.96,303,303,543,351.54, 
1.55,,,,,,,,
674460,138,-4.42,-3.96,303,302,543,351.54, 
1.51,,,,,,,,
674477,138,-4.42,-3.96,303,302,543,351.54, 
1.51,,,,,,,,
674502,138,-4.42,-3.96,303,302,543,351.54, 
1.51,,,,,,,,
674519,138,-4.42,-3.96,303,298,543,351.54, 
1.51,,,,,,,,
674535,138,-4.42,-3.96,303,302,543,351.54, 
1.51,,,,,,,,
674552,138,-4.42,-3.94,303,302,543,351.55, 
1.51,,,,,,,,
674578,138,-4.42,-3.94,303,302,543,351.55, 
1.51,,,,,,,,
674594,138,-4.42,-3.94,303,301,543,351.55, 
1.51,,,,,,,,
674611,138,-4.42,-3.94,303,299,543,351.55, 
1.51,,,,,,,,
674637,138,-4.42,-3.94,303,302,543,351.55, 
1.51,,,,,,,,
674654,138,-4.42,-3.94,303,302,543,351.56, 
1.51,,,,,,,,
674670,138,-4.42,-3.94,303,302,543,351.56, 
1.51,,,,,,,,
674696,138,-4.42,-3.94,303,301,543,351.56, 
1.51,,,,,,,,
674741,138,-4.42,-3.94,303,303,543,351.56, 
1.51,,,,,,,,
674766,138,-4.42,-3.94,303,302,543,351.56, 
1.51,,,,,,,,
674783,138,-4.42,-3.94,303,303,543,351.56, 
1.51,,,,,,,,
674808,138,-4.42,-3.94,303,302,543,351.56, 
1.51,,,,,,,,
674825,138,-4.42,-3.94,303,298,543,351.56, 
1.51,,,,,,,,
674842,139,-4.41,-3.94,303,302,543,351.57, 
1.51,,,,,,,,
674868,138,-4.41,-3.94,303,302,543,351.57, 
1.51,,,,,,,,
674885,138,-4.41,-3.94,303,302,543,351.57, 
1.51,,,,,,,,
674902,138,-4.41,-3.94,303,301,543,351.57, 
1.51,,,,,,,,
674927,138,-4.41,-3.94,303,297,543,351.57, 
1.51,,,,,,,,
674945,138,-4.41,-3.94,303,302,543,351.58, 
1.51,,,,,,,,
674961,138,-4.41,-3.94,303,302,543,351.58, 
1.51,,,,,,,,
674977,138,-4.41,-3.94,303,302,543,351.58, 
1.51,,,,,,,,
675003,138,-4.41,-3.94,303,302,543,351.58, 
1.51,,,,,,,,
675019,138,-4.41,-3.94,303,299,543,351.58, 
1.51,,,,,,,,
675037,138,-4.41,-3.94,303,303,543,351.58, 
1.51,,,,,,,,
675062,138,-4.41,-3.94,303,302,543,351.6, 
1.51,,,,,,,,
675079,138,-4.41,-3.94,303,302,543,351.6, 
1.51,,,,,,,,
675095,138,-4.41,-3.94,303,301,543,351.6, 
1.51,,,,,,,,
675122,138,-4.41,-3.94,303,298,543,351.6, 
1.51,,,,,,,,
675138,138,-4.41,-3.94,303,302,543,351.6, 
1.51,,,,,,,,
675154,138,-4.41,-3.94,303,302,543,351.61, 
1.51,,,,,,,,
675171,138,-4.41,-3.94,303,302,543,351.61, 
1.51,,,,,,,,
675196,138,-4.41,-3.94,303,301,543,351.61, 
1.51,,,,,,,,
675240,138,-4.41,-3.94,303,303,543,351.62, 
1.51,,,,,,,,
675266,138,-4.41,-3.94,303,302,543,351.62, 
1.51,,,,,,,,
675292,138,-4.41,-3.94,303,302,543,351.62, 
1.51,,,,,,,,
675308,138,-4.41,-3.94,303,302,543,351.62, 
1.51,,,,,,,,
675324,138,-4.41,-3.94,303,298,543,351.62, 
1.51,,,,,,,,
675351,138,-4.41,-3.94,303,303,543,351.63, 
1.51,,,,,,,,
675366,138,-4.41,-3.94,303,302,543,351.63, 
1.51,,,,,,,,
675383,138,-4.41,-3.94,303,302,543,351.63, 
1.51,,,,,,,,
675398,138,-4.41,-3.94,303,302,543,351.63, 
1.51,,,,,,,,
675424,138,-4.41,-3.94,303,298,543,351.63, 
1.51,,,,,,,,
675440,138,-4.41,-3.94,303,302,543,351.63, 
1.51,,,,,,,,
675457,138,-4.41,-3.94,303,302,543,351.64, 
1.51,,,,,,,,
675485,138,-4.41,-3.94,303,302,543,351.64, 
1.51,,,,,,,,
675501,138,-4.41,-3.94,303,302,543,351.64, 
1.51,,,,,,,,
675517,138,-4.41,-3.94,303,301,543,351.64, 
1.51,,,,,,,,
675533,138,-4.41,-3.94,303,302,543,351.64, 
1.51,,,,,,,,
675559,138,-4.42,-3.94,303,301,543,351.65, 
1.51,,,,,,,,
675575,138,-4.42,-3.94,303,301,543,351.65, 
1.51,,,,,,,,
675592,138,-4.42,-3.94,303,302,543,351.65, 
1.51,,,,,,,,
675618,138,-4.42,-3.94,303,302,543,351.65, 
1.51,,,,,,,,
675635,138,-4.42,-3.94,303,299,543,351.65, 
1.51,,,,,,,,
675652,138,-4.42,-3.94,303,301,543,351.66, 
1.51,,,,,,,,
675677,138,-4.42,-3.94,303,301,543,351.66, 
1.51,,,,,,,,
675693,138,-4.42,-3.94,303,301,543,351.66, 
1.51,,,,,,,,
675709,139,-4.42,-3.94,303,301,543,351.66, 
1.51,,,,,,,,
675753,138,-4.42,-3.93,303,303,543,351.67, 
1.51,,,,,,,,
675788,138,-4.42,-3.93,303,302,543,351.67, 
1.51,,,,,,,,
675804,138,-4.42,-3.93,303,302,543,351.67, 
1.51,,,,,,,,
675820,138,-4.42,-3.93,303,302,543,351.67, 
1.51,,,,,,,,
675846,138,-4.41,-3.94,303,302,543,351.68, 
1.51,,,,,,,,
675862,138,-4.41,-3.94,303,302,543,351.68, 
1.51,,,,,,,,
675878,138,-4.41,-3.94,303,302,543,351.68, 
1.51,,,,,,,,
675905,138,-4.41,-3.94,303,302,543,351.68, 
1.51,,,,,,,,
675921,138,-4.41,-3.94,303,302,543,351.68, 
1.51,,,,,,,,
675938,138,-4.41,-3.94,303,302,543,351.68, 
1.51,,,,,,,,
675955,138,-4.41,-3.94,303,301,543,351.69, 
1.51,,,,,,,,
675981,138,-4.41,-3.94,303,301,543,351.69, 
1.51,,,,,,,,
675997,138,-4.41,-3.94,303,302,543,351.69, 
1.51,,,,,,,,
676014,138,-4.41,-3.94,303,301,543,351.69, 
1.51,,,,,,,,
676040,138,-4.41,-3.94,303,302,543,351.69, 
1.51,,,,,,,,
676057,138,-4.41,-3.94,303,302,543,351.71, 
1.51,,,,,,,,
676073,138,-4.41,-3.94,303,301,543,351.71, 
1.51,,,,,,,,
676089,138,-4.41,-3.94,303,301,543,351.71, 
1.51,,,,,,,,
676115,138,-4.41,-3.94,303,301,543,351.71, 
1.51,,,,,,,,
676131,138,-4.41,-3.94,303,295,543,351.71, 
1.51,,,,,,,,
676149,138,-4.41,-3.94,303,302,543,351.73, 
1.51,,,,,,,,
676175,138,-4.41,-3.94,303,302,543,351.73, 
1.51,,,,,,,,
676192,138,-4.41,-3.94,303,302,543,351.73, 
1.51,,,,,,,,
676208,138,-4.41,-3.94,303,301,543,351.73, 
1.51,,,,,,,,
676262,138,-4.41,-3.94,303,303,543,351.74, 
1.51,,,,,,,,
676287,138,-4.41,-3.94,303,302,543,351.74, 
1.51,,,,,,,,
676302,138,-4.41,-3.94,303,302,543,351.74, 
1.51,,,,,,,,
676319,138,-4.41,-3.94,303,299,543,351.74, 
1.51,,,,,,,,
676345,139,-4.41,-3.94,303,303,543,351.75, 
1.51,,,,,,,,
676360,138,-4.41,-3.94,303,302,543,351.75, 
1.51,,,,,,,,
676375,138,-4.41,-3.94,303,302,543,351.75, 
1.51,,,,,,,,
676400,138,-4.41,-3.94,303,302,543,351.75, 
1.51,,,,,,,,
676415,138,-4.41,-3.94,303,302,543,351.75, 
1.51,,,,,,,,
676429,138,-4.41,-3.94,303,299,543,351.75, 
1.51,,,,,,,,
676446,138,-4.42,-3.94,303,302,543,351.76, 
1.51,,,,,,,,
676471,138,-4.42,-3.94,303,302,543,351.76, 
1.51,,,,,,,,
676487,138,-4.42,-3.94,303,301,543,351.76, 
1.55,,,,,,,,
676503,138,-4.42,-3.94,303,301,543,351.76, 
1.51,,,,,,,,
676528,138,-4.42,-3.94,303,300,543,351.76, 
1.51,,,,,,,,
676545,138,-4.42,-3.94,303,302,543,351.77, 
1.51,,,,,,,,
676560,138,-4.42,-3.94,303,302,543,351.77, 
1.51,,,,,,,,
676627,138,-4.42,-3.94,303,300,543,351.77, 
1.51,,,,,,,,
676643,138,-4.42,-3.94,303,304,543,351.77, 
1.51,,,,,,,,
676660,138,-4.42,-3.94,303,303,543,351.78, 
1.51,,,,,,,,
676676,138,-4.42,-3.94,303,303,543,351.78, 
1.51,,,,,,,,
676710,138,-4.42,-3.94,303,302,543,351.78, 
1.51,,,,,,,,
676726,138,-4.42,-3.94,303,300,543,351.78, 
1.51,,,,,,,,
676771,138,-4.42,-3.94,303,304,543,351.79, 
1.51,,,,,,,,
676805,138,-4.42,-3.94,303,304,543,351.79, 
1.51,,,,,,,,
676822,138,-4.42,-3.94,303,303,543,351.79, 
1.51,,,,,,,,
676838,139,-4.42,-3.94,303,302,543,351.79, 
1.51,,,,,,,,
676854,138,-4.42,-3.94,303,303,543,351.8, 
1.51,,,,,,,,
676880,138,-4.42,-3.94,303,303,543,351.8, 
1.51,,,,,,,,
676896,138,-4.42,-3.94,303,302,543,351.8, 
1.51,,,,,,,,
676913,138,-4.42,-3.94,303,303,543,351.8, 
1.51,,,,,,,,
676939,138,-4.42,-3.94,303,302,543,351.8, 
1.51,,,,,,,,
676956,138,-4.42,-3.94,303,302,543,351.82, 
1.51,,,,,,,,
676972,138,-4.42,-3.94,303,302,543,351.82, 
1.51,,,,,,,,
676998,138,-4.42,-3.94,303,302,543,351.82, 
1.51,,,,,,,,
677014,138,-4.42,-3.94,303,302,543,351.82, 
1.51,,,,,,,,
677030,138,-4.42,-3.94,303,298,543,351.82, 
1.51,,,,,,,,
677048,138,-4.42,-3.94,303,302,543,351.83, 
1.51,,,,,,,,
677073,138,-4.42,-3.94,303,302,543,351.83, 
1.51,,,,,,,,
677090,138,-4.42,-3.94,303,302,543,351.83, 
1.51,,,,,,,,
677105,138,-4.42,-3.94,303,302,543,351.83, 
1.51,,,,,,,,
677131,138,-4.42,-3.94,303,297,543,351.83, 
1.55,,,,,,,,
677147,138,-4.42,-3.94,303,302,543,351.84, 
1.51,,,,,,,,
677164,138,-4.42,-3.94,303,302,543,351.84, 
1.55,,,,,,,,
677189,138,-4.42,-3.94,303,302,543,351.84, 
1.51,,,,,,,,
677204,138,-4.42,-3.94,303,302,543,351.84, 
1.51,,,,,,,,
677221,138,-4.42,-3.94,303,302,543,351.84, 
1.51,,,,,,,,
677236,138,-4.42,-3.94,303,302,543,351.84, 
1.51,,,,,,,,
677291,138,-4.42,-3.94,303,303,543,351.85, 
1.51,,,,,,,,
677315,138,-4.42,-3.94,303,302,543,351.85, 
1.51,,,,,,,,
677331,138,-4.42,-3.94,303,299,543,351.85, 
1.51,,,,,,,,
677357,138,-4.42,-3.94,303,303,543,351.86, 
1.51,,,,,,,,
677373,138,-4.42,-3.94,303,302,543,351.86, 
1.51,,,,,,,,
677390,138,-4.42,-3.94,303,302,543,351.86, 
1.51,,,,,,,,
677406,138,-4.42,-3.94,303,302,543,351.86, 
1.51,,,,,,,,
677433,138,-4.42,-3.94,303,301,543,351.86, 
1.51,,,,,,,,
677450,138,-4.42,-3.94,303,302,543,351.88, 
1.51,,,,,,,,
677466,138,-4.42,-3.94,303,302,543,351.88, 
1.51,,,,,,,,
677491,138,-4.42,-3.94,303,302,543,351.88, 
1.51,,,,,,,,
677508,138,-4.42,-3.94,303,302,543,351.88, 
1.51,,,,,,,,
677524,138,-4.42,-3.94,303,302,543,351.88, 
1.51,,,,,,,,
677551,138,-4.42,-3.94,303,302,543,351.89, 
1.51,,,,,,,,
677567,138,-4.42,-3.94,303,301,543,351.89, 
1.51,,,,,,,,
677582,138,-4.42,-3.94,303,301,543,351.89, 
1.51,,,,,,,,
677599,138,-4.42,-3.94,303,302,543,351.89, 
1.51,,,,,,,,
677624,138,-4.42,-3.94,303,302,543,351.89, 
1.51,,,,,,,,
677640,138,-4.42,-3.94,303,297,543,351.89, 
1.51,,,,,,,,
677657,138,-4.42,-3.94,303,301,543,351.9, 
1.51,,,,,,,,
677683,138,-4.42,-3.94,303,302,543,351.9, 
1.51,,,,,,,,
677699,138,-4.42,-3.94,303,302,543,351.9, 
1.51,,,,,,,,
677715,138,-4.42,-3.94,303,301,543,351.9, 
1.51,,,,,,,,
677732,138,-4.42,-3.94,303,302,543,351.9, 
1.51,,,,,,,,
677797,138,-4.42,-3.94,303,304,543,351.91, 
1.51,,,,,,,,
677823,138,-4.42,-3.94,303,303,543,351.91, 
1.51,,,,,,,,
677839,138,-4.42,-3.94,303,303,543,351.91, 
1.51,,,,,,,,
677866,138,-4.42,-3.94,303,303,543,351.93, 
1.51,,,,,,,,
677882,138,-4.42,-3.94,303,302,543,351.93, 
1.51,,,,,,,,
677899,138,-4.42,-3.94,303,302,543,351.93, 
1.51,,,,,,,,
677924,138,-4.42,-3.94,303,302,543,351.93, 
1.51,,,,,,,,
677941,138,-4.42,-3.94,303,298,543,351.93, 
1.51,,,,,,,,
677958,138,-4.42,-3.94,303,302,543,351.94, 
1.51,,,,,,,,
677974,138,-4.42,-3.94,303,302,543,351.94, 
1.51,,,,,,,,
677999,138,-4.42,-3.94,303,301,543,351.94, 
1.51,,,,,,,,
678014,138,-4.42,-3.94,303,302,543,351.94, 
1.51,,,,,,,,
678031,138,-4.42,-3.94,303,299,543,351.94, 
1.51,,,,,,,,
678056,138,-4.42,-3.94,303,303,543,351.95, 
1.51,,,,,,,,
678073,138,-4.42,-3.94,303,302,543,351.95, 
1.51,,,,,,,,
678089,138,-4.42,-3.94,303,302,543,351.95, 
1.51,,,,,,,,
678115,138,-4.42,-3.94,303,302,543,351.95, 
1.51,,,,,,,,
678130,138,-4.42,-3.94,303,299,543,351.95, 
1.51,,,,,,,,
678148,138,-4.42,-3.94,303,302,543,351.95, 
1.51,,,,,,,,
678164,138,-4.42,-3.94,303,302,543,351.96, 
1.51,,,,,,,,
678190,138,-4.42,-3.94,303,302,543,351.96, 
1.51,,,,,,,,
678206,138,-4.42,-3.94,303,302,543,351.96, 
1.51,,,,,,,,
678222,138,-4.42,-3.94,303,301,543,351.96, 
1.51,,,,,,,,
678249,138,-4.42,-3.94,303,301,543,351.96, 
1.51,,,,,,,,
678265,138,-4.42,-3.94,303,302,543,351.97, 
1.51,,,,,,,,
